Provincia;Identificador_Canton;Identificador_Parroquia;Zona;Sector;Numero_vivienda;Numero_hogar;Numero_persona_emigrante;AÃ±o_salida;Sexo_emigrante;Edad_salida;pais_actual_residencia;Area_urbana_o_rural;CANTON;PARROQ;ID_VIV;ID_HOG;ID_EMI
"Azuay";1;62;999;1;8;1;1;2021;"Hombre";999;881840;"Area rural";"Cuenca";"Ricaurte";101629990010008;10162999001000801;1016299900100080101
"Azuay";1;62;999;1;17;1;1;2021;"Hombre";23;881840;"Area rural";"Cuenca";"Ricaurte";101629990010017;10162999001001701;1016299900100170101
"Azuay";1;62;999;2;21;1;1;2021;"Hombre";27;881840;"Area rural";"Cuenca";"Ricaurte";101629990020021;10162999002002101;1016299900200210101
"Azuay";1;62;999;2;32;1;1;2021;"Hombre";21;881840;"Area rural";"Cuenca";"Ricaurte";101629990020032;10162999002003201;1016299900200320101
"Azuay";1;62;999;2;35;1;1;2021;"Hombre";33;881840;"Area rural";"Cuenca";"Ricaurte";101629990020035;10162999002003501;1016299900200350101
"Azuay";1;62;999;2;38;1;1;2021;"Hombre";19;881840;"Area rural";"Cuenca";"Ricaurte";101629990020038;10162999002003801;1016299900200380101
"Azuay";1;62;999;2;39;1;1;2021;"Hombre";28;881840;"Area rural";"Cuenca";"Ricaurte";101629990020039;10162999002003901;1016299900200390101
"Azuay";1;62;999;3;25;1;1;2021;"Hombre";25;881840;"Area rural";"Cuenca";"Ricaurte";101629990030025;10162999003002501;1016299900300250101
"Azuay";1;62;999;3;100;1;1;2021;"Hombre";19;881840;"Area rural";"Cuenca";"Ricaurte";101629990030100;10162999003010001;1016299900301000101
"Azuay";1;62;999;3;115;1;1;2021;"Hombre";40;881840;"Area rural";"Cuenca";"Ricaurte";101629990030115;10162999003011501;1016299900301150101
"Azuay";1;62;999;4;5;1;1;2021;"Hombre";34;881840;"Area rural";"Cuenca";"Ricaurte";101629990040005;10162999004000501;1016299900400050101
"Azuay";1;62;999;5;27;1;1;2021;"Hombre";40;881840;"Area rural";"Cuenca";"Ricaurte";101629990050027;10162999005002701;1016299900500270101
"Azuay";1;62;999;5;58;1;1;2021;"Hombre";25;881840;"Area rural";"Cuenca";"Ricaurte";101629990050058;10162999005005801;1016299900500580101
"Azuay";1;62;999;5;94;1;1;2021;"Hombre";19;881840;"Area rural";"Cuenca";"Ricaurte";101629990050094;10162999005009401;1016299900500940101
"Azuay";1;62;999;6;35;1;1;2021;"Hombre";22;881840;"Area rural";"Cuenca";"Ricaurte";101629990060035;10162999006003501;1016299900600350101
"Azuay";1;62;999;7;6;1;1;2021;"Mujer";25;881840;"Area rural";"Cuenca";"Ricaurte";101629990070006;10162999007000601;1016299900700060101
"Azuay";1;62;999;7;21;1;1;2021;"Hombre";33;881840;"Area rural";"Cuenca";"Ricaurte";101629990070021;10162999007002101;1016299900700210101
"Azuay";1;62;999;7;71;1;1;2021;"Hombre";20;881840;"Area rural";"Cuenca";"Ricaurte";101629990070071;10162999007007101;1016299900700710101
"Azuay";1;62;999;9;20;1;1;2021;"Hombre";20;881840;"Area rural";"Cuenca";"Ricaurte";101629990090020;10162999009002001;1016299900900200101
"Azuay";1;62;999;9;89;1;1;2021;"Hombre";17;881840;"Area rural";"Cuenca";"Ricaurte";101629990090089;10162999009008901;1016299900900890101
"Azuay";1;62;999;12;49;1;1;2021;"Hombre";23;881840;"Area rural";"Cuenca";"Ricaurte";101629990120049;10162999012004901;1016299901200490101
"Azuay";1;62;999;13;9;1;1;2021;"Hombre";31;881840;"Area rural";"Cuenca";"Ricaurte";101629990130009;10162999013000901;1016299901300090101
"Azuay";1;62;999;14;27;1;1;2021;"Hombre";33;881840;"Area rural";"Cuenca";"Ricaurte";101629990140027;10162999014002701;1016299901400270101
"Azuay";1;62;999;15;4;1;1;2021;"Hombre";35;881840;"Area rural";"Cuenca";"Ricaurte";101629990150004;10162999015000401;1016299901500040101
"Azuay";1;62;999;15;48;1;1;2021;"Hombre";34;881840;"Area rural";"Cuenca";"Ricaurte";101629990150048;10162999015004801;1016299901500480101
"Azuay";1;62;999;15;54;1;1;2021;"Mujer";26;881840;"Area rural";"Cuenca";"Ricaurte";101629990150054;10162999015005401;1016299901500540101
"Azuay";1;62;999;16;25;1;1;2021;"Mujer";33;881840;"Area rural";"Cuenca";"Ricaurte";101629990160025;10162999016002501;1016299901600250101
"Azuay";1;62;999;16;41;1;1;2021;"Hombre";25;881840;"Area rural";"Cuenca";"Ricaurte";101629990160041;10162999016004101;1016299901600410101
"Azuay";1;62;999;17;29;1;1;2021;"Hombre";39;881840;"Area rural";"Cuenca";"Ricaurte";101629990170029;10162999017002901;1016299901700290101
"Azuay";1;62;999;17;56;1;1;2021;"Hombre";22;881840;"Area rural";"Cuenca";"Ricaurte";101629990170056;10162999017005601;1016299901700560101
"Azuay";1;62;999;17;76;1;1;2021;"Hombre";33;881840;"Area rural";"Cuenca";"Ricaurte";101629990170076;10162999017007601;1016299901700760101
"Azuay";1;62;999;18;1;1;1;2021;"Hombre";28;881840;"Area rural";"Cuenca";"Ricaurte";101629990180001;10162999018000101;1016299901800010101
"Azuay";1;62;999;18;10;1;1;2021;"Mujer";28;881840;"Area rural";"Cuenca";"Ricaurte";101629990180010;10162999018001001;1016299901800100101
"Azuay";1;62;999;18;40;1;1;2021;"Mujer";20;881840;"Area rural";"Cuenca";"Ricaurte";101629990180040;10162999018004001;1016299901800400101
"Azuay";1;62;999;18;49;1;1;2021;"Mujer";999;881840;"Area rural";"Cuenca";"Ricaurte";101629990180049;10162999018004901;1016299901800490101
"Azuay";1;62;999;19;61;1;1;2021;"Hombre";999;881840;"Area rural";"Cuenca";"Ricaurte";101629990190061;10162999019006101;1016299901900610101
"Azuay";1;62;999;19;76;1;1;2021;"Mujer";32;881840;"Area rural";"Cuenca";"Ricaurte";101629990190076;10162999019007601;1016299901900760101
"Azuay";1;62;999;20;50;1;1;2021;"Hombre";30;881840;"Area rural";"Cuenca";"Ricaurte";101629990200050;10162999020005001;1016299902000500101
"Azuay";1;62;999;21;41;1;1;2021;"Hombre";30;881840;"Area rural";"Cuenca";"Ricaurte";101629990210041;10162999021004101;1016299902100410101
"Azuay";1;62;999;21;71;1;1;2021;"Hombre";26;881840;"Area rural";"Cuenca";"Ricaurte";101629990210071;10162999021007101;1016299902100710101
"Azuay";1;62;999;22;24;1;1;2021;"Hombre";28;881840;"Area rural";"Cuenca";"Ricaurte";101629990220024;10162999022002401;1016299902200240101
"Azuay";1;62;999;22;45;1;1;2021;"Mujer";28;881840;"Area rural";"Cuenca";"Ricaurte";101629990220045;10162999022004501;1016299902200450101
"Azuay";1;62;999;23;1;1;1;2021;"Hombre";38;881840;"Area rural";"Cuenca";"Ricaurte";101629990230001;10162999023000101;1016299902300010101
"Azuay";1;62;999;23;46;1;1;2021;"Hombre";36;881840;"Area rural";"Cuenca";"Ricaurte";101629990230046;10162999023004601;1016299902300460101
"Azuay";1;62;999;25;3;1;1;2021;"Hombre";23;881840;"Area rural";"Cuenca";"Ricaurte";101629990250003;10162999025000301;1016299902500030101
"Azuay";1;62;999;25;29;1;1;2021;"Hombre";50;881840;"Area rural";"Cuenca";"Ricaurte";101629990250029;10162999025002901;1016299902500290101
"Azuay";1;62;999;25;37;1;1;2021;"Mujer";37;881840;"Area rural";"Cuenca";"Ricaurte";101629990250037;10162999025003701;1016299902500370101
"Azuay";1;62;999;26;11;1;1;2021;"Hombre";45;881840;"Area rural";"Cuenca";"Ricaurte";101629990260011;10162999026001101;1016299902600110101
"Azuay";1;62;999;26;18;1;1;2021;"Mujer";22;881840;"Area rural";"Cuenca";"Ricaurte";101629990260018;10162999026001801;1016299902600180101
"Azuay";1;62;999;30;26;1;1;2021;"Mujer";41;881840;"Area rural";"Cuenca";"Ricaurte";101629990300026;10162999030002601;1016299903000260101
"Azuay";1;62;999;31;31;1;1;2021;"Hombre";36;881840;"Area rural";"Cuenca";"Ricaurte";101629990310031;10162999031003101;1016299903100310101
"Azuay";1;62;999;31;36;1;1;2021;"Hombre";999;881840;"Area rural";"Cuenca";"Ricaurte";101629990310036;10162999031003601;1016299903100360101
"Azuay";1;62;999;32;4;1;1;2021;"Hombre";23;881840;"Area rural";"Cuenca";"Ricaurte";101629990320004;10162999032000401;1016299903200040101
"Azuay";1;62;999;32;56;1;1;2021;"Mujer";25;881840;"Area rural";"Cuenca";"Ricaurte";101629990320056;10162999032005601;1016299903200560101
"Azuay";1;62;999;32;57;1;1;2021;"Hombre";23;881840;"Area rural";"Cuenca";"Ricaurte";101629990320057;10162999032005701;1016299903200570101
"Azuay";1;62;999;33;1;1;1;2021;"Hombre";21;881840;"Area rural";"Cuenca";"Ricaurte";101629990330001;10162999033000101;1016299903300010101
"Azuay";1;62;999;33;44;1;1;2021;"Mujer";31;881840;"Area rural";"Cuenca";"Ricaurte";101629990330044;10162999033004401;1016299903300440101
"Azuay";1;62;999;34;35;1;1;2021;"Hombre";32;881840;"Area rural";"Cuenca";"Ricaurte";101629990340035;10162999034003501;1016299903400350101
"Azuay";1;62;999;35;21;1;1;2021;"Mujer";35;881840;"Area rural";"Cuenca";"Ricaurte";101629990350021;10162999035002101;1016299903500210101
"Azuay";1;62;999;36;38;1;1;2021;"Hombre";36;881840;"Area rural";"Cuenca";"Ricaurte";101629990360038;10162999036003801;1016299903600380101
"Azuay";1;62;999;39;16;1;1;2021;"Hombre";43;881840;"Area rural";"Cuenca";"Ricaurte";101629990390016;10162999039001601;1016299903900160101
"Azuay";1;62;999;39;49;1;1;2021;"Hombre";23;881840;"Area rural";"Cuenca";"Ricaurte";101629990390049;10162999039004901;1016299903900490101
"Azuay";1;62;999;39;54;1;1;2021;"Hombre";38;881840;"Area rural";"Cuenca";"Ricaurte";101629990390054;10162999039005401;1016299903900540101
"Azuay";1;62;999;40;4;1;1;2021;"Hombre";42;881840;"Area rural";"Cuenca";"Ricaurte";101629990400004;10162999040000401;1016299904000040101
"Azuay";1;62;999;41;95;1;1;2021;"Hombre";25;881840;"Area rural";"Cuenca";"Ricaurte";101629990410095;10162999041009501;1016299904100950101
"Azuay";1;62;999;43;7;1;1;2021;"Mujer";999;881840;"Area rural";"Cuenca";"Ricaurte";101629990430007;10162999043000701;1016299904300070101
"Azuay";1;62;999;43;38;1;1;2021;"Mujer";34;881840;"Area rural";"Cuenca";"Ricaurte";101629990430038;10162999043003801;1016299904300380101
"Azuay";1;62;999;43;41;1;1;2021;"Hombre";25;881840;"Area rural";"Cuenca";"Ricaurte";101629990430041;10162999043004101;1016299904300410101
"Azuay";1;62;999;44;7;1;1;2021;"Mujer";42;881840;"Area rural";"Cuenca";"Ricaurte";101629990440007;10162999044000701;1016299904400070101
"Azuay";1;62;999;44;31;1;1;2021;"Mujer";26;881840;"Area rural";"Cuenca";"Ricaurte";101629990440031;10162999044003101;1016299904400310101
"Azuay";1;62;999;44;84;1;1;2021;"Mujer";36;881840;"Area rural";"Cuenca";"Ricaurte";101629990440084;10162999044008401;1016299904400840101
"Azuay";1;62;999;45;29;1;1;2021;"Hombre";42;881840;"Area rural";"Cuenca";"Ricaurte";101629990450029;10162999045002901;1016299904500290101
"Azuay";1;62;999;46;55;1;1;2021;"Hombre";24;881840;"Area rural";"Cuenca";"Ricaurte";101629990460055;10162999046005501;1016299904600550101
"Azuay";1;62;999;46;101;1;1;2021;"Hombre";21;881840;"Area rural";"Cuenca";"Ricaurte";101629990460101;10162999046010101;1016299904601010101
"Azuay";1;62;999;46;111;1;1;2021;"Hombre";31;881840;"Area rural";"Cuenca";"Ricaurte";101629990460111;10162999046011101;1016299904601110101
"Azuay";1;62;999;48;10;1;1;2021;"Mujer";20;881840;"Area rural";"Cuenca";"Ricaurte";101629990480010;10162999048001001;1016299904800100101
"Azuay";1;62;999;48;22;1;1;2021;"Hombre";52;881840;"Area rural";"Cuenca";"Ricaurte";101629990480022;10162999048002201;1016299904800220101
"Azuay";1;62;999;48;28;1;1;2021;"Hombre";29;881840;"Area rural";"Cuenca";"Ricaurte";101629990480028;10162999048002801;1016299904800280101
"Azuay";1;62;999;48;37;1;1;2021;"Hombre";37;881840;"Area rural";"Cuenca";"Ricaurte";101629990480037;10162999048003701;1016299904800370101
"Azuay";1;62;999;49;3;1;1;2021;"Mujer";24;881840;"Area rural";"Cuenca";"Ricaurte";101629990490003;10162999049000301;1016299904900030101
"Azuay";1;62;999;49;76;1;1;2021;"Hombre";24;881840;"Area rural";"Cuenca";"Ricaurte";101629990490076;10162999049007601;1016299904900760101
"Azuay";1;62;999;49;86;1;1;2021;"Mujer";44;881840;"Area rural";"Cuenca";"Ricaurte";101629990490086;10162999049008601;1016299904900860101
"Azuay";1;62;999;49;91;1;1;2021;"Mujer";29;881840;"Area rural";"Cuenca";"Ricaurte";101629990490091;10162999049009101;1016299904900910101
"Azuay";1;62;999;50;52;1;1;2021;"Hombre";25;881840;"Area rural";"Cuenca";"Ricaurte";101629990500052;10162999050005201;1016299905000520101
"Azuay";1;62;999;51;5;1;1;2021;"Hombre";33;881840;"Area rural";"Cuenca";"Ricaurte";101629990510005;10162999051000501;1016299905100050101
"Azuay";1;62;999;51;36;1;1;2021;"Hombre";26;881840;"Area rural";"Cuenca";"Ricaurte";101629990510036;10162999051003601;1016299905100360101
"Azuay";1;62;999;52;72;1;1;2021;"Hombre";49;881840;"Area rural";"Cuenca";"Ricaurte";101629990520072;10162999052007201;1016299905200720101
"Azuay";1;62;999;2;20;1;1;2019;"Hombre";34;881840;"Area rural";"Cuenca";"Ricaurte";101629990020020;10162999002002001;1016299900200200101
"Azuay";1;62;999;2;33;1;1;2020;"Hombre";26;881840;"Area rural";"Cuenca";"Ricaurte";101629990020033;10162999002003301;1016299900200330101
"Azuay";1;62;999;2;67;1;1;2022;"Hombre";21;881840;"Area rural";"Cuenca";"Ricaurte";101629990020067;10162999002006701;1016299900200670101
"Azuay";1;62;999;2;79;1;1;2020;"Hombre";30;881840;"Area rural";"Cuenca";"Ricaurte";101629990020079;10162999002007901;1016299900200790101
"Azuay";1;62;999;3;11;1;1;2022;"Mujer";50;881840;"Area rural";"Cuenca";"Ricaurte";101629990030011;10162999003001101;1016299900300110101
"Azuay";1;62;999;3;13;1;1;2022;"Hombre";32;881840;"Area rural";"Cuenca";"Ricaurte";101629990030013;10162999003001301;1016299900300130101
"Azuay";1;62;999;3;68;1;1;2022;"Hombre";37;881840;"Area rural";"Cuenca";"Ricaurte";101629990030068;10162999003006801;1016299900300680101
"Azuay";1;62;999;3;96;1;1;2019;"Hombre";36;881840;"Area rural";"Cuenca";"Ricaurte";101629990030096;10162999003009601;1016299900300960101
"Azuay";1;62;999;4;41;1;1;2022;"Hombre";25;881840;"Area rural";"Cuenca";"Ricaurte";101629990040041;10162999004004101;1016299900400410101
"Azuay";1;62;999;4;49;1;1;2015;"Hombre";34;881840;"Area rural";"Cuenca";"Ricaurte";101629990040049;10162999004004901;1016299900400490101
"Azuay";1;62;999;4;56;1;1;2014;"Hombre";39;881840;"Area rural";"Cuenca";"Ricaurte";101629990040056;10162999004005601;1016299900400560101
"Azuay";1;62;999;5;29;1;1;2022;"Hombre";29;881840;"Area rural";"Cuenca";"Ricaurte";101629990050029;10162999005002901;1016299900500290101
"Azuay";1;62;999;5;30;1;1;2022;"Hombre";28;881840;"Area rural";"Cuenca";"Ricaurte";101629990050030;10162999005003001;1016299900500300101
"Azuay";1;62;999;5;43;1;1;2015;"Hombre";20;881840;"Area rural";"Cuenca";"Ricaurte";101629990050043;10162999005004301;1016299900500430101
"Azuay";1;62;999;5;84;1;1;2020;"Hombre";29;881840;"Area rural";"Cuenca";"Ricaurte";101629990050084;10162999005008401;1016299900500840101
"Azuay";1;62;999;6;56;1;1;2019;"Hombre";38;881840;"Area rural";"Cuenca";"Ricaurte";101629990060056;10162999006005601;1016299900600560101
"Azuay";1;62;999;6;65;1;1;2019;"Mujer";28;881840;"Area rural";"Cuenca";"Ricaurte";101629990060065;10162999006006501;1016299900600650101
"Azuay";1;62;999;6;89;1;1;2022;"Mujer";40;881840;"Area rural";"Cuenca";"Ricaurte";101629990060089;10162999006008901;1016299900600890101
"Azuay";1;62;999;7;27;1;1;2022;"Hombre";32;881840;"Area rural";"Cuenca";"Ricaurte";101629990070027;10162999007002701;1016299900700270101
"Azuay";1;62;999;7;30;1;1;2022;"Hombre";20;881840;"Area rural";"Cuenca";"Ricaurte";101629990070030;10162999007003001;1016299900700300101
"Azuay";1;62;999;7;40;1;1;2019;"Hombre";31;881840;"Area rural";"Cuenca";"Ricaurte";101629990070040;10162999007004001;1016299900700400101
"Azuay";1;62;999;7;46;1;1;2010;"Hombre";20;881840;"Area rural";"Cuenca";"Ricaurte";101629990070046;10162999007004601;1016299900700460101
"Azuay";1;62;999;7;47;1;1;2020;"Mujer";36;881840;"Area rural";"Cuenca";"Ricaurte";101629990070047;10162999007004701;1016299900700470101
"Azuay";1;62;999;7;51;1;1;2022;"Hombre";18;881840;"Area rural";"Cuenca";"Ricaurte";101629990070051;10162999007005101;1016299900700510101
"Azuay";1;62;999;7;80;1;1;2020;"Hombre";24;881840;"Area rural";"Cuenca";"Ricaurte";101629990070080;10162999007008001;1016299900700800101
"Azuay";1;62;999;8;78;1;1;2020;"Hombre";18;881840;"Area rural";"Cuenca";"Ricaurte";101629990080078;10162999008007801;1016299900800780101
"Azuay";1;62;999;8;89;1;1;2022;"Hombre";23;881840;"Area rural";"Cuenca";"Ricaurte";101629990080089;10162999008008901;1016299900800890101
"Azuay";1;62;999;9;25;1;1;2022;"Hombre";41;881840;"Area rural";"Cuenca";"Ricaurte";101629990090025;10162999009002501;1016299900900250101
"Azuay";1;62;999;9;82;1;1;2019;"Mujer";35;881840;"Area rural";"Cuenca";"Ricaurte";101629990090082;10162999009008201;1016299900900820101
"Azuay";1;62;999;9;88;1;1;2020;"Mujer";30;881840;"Area rural";"Cuenca";"Ricaurte";101629990090088;10162999009008801;1016299900900880101
"Azuay";1;62;999;10;60;1;1;2022;"Hombre";20;881840;"Area rural";"Cuenca";"Ricaurte";101629990100060;10162999010006001;1016299901000600101
"Azuay";1;62;999;10;91;1;1;2019;"Hombre";24;881840;"Area rural";"Cuenca";"Ricaurte";101629990100091;10162999010009101;1016299901000910101
"Azuay";1;62;999;12;31;1;1;9999;"Mujer";999;881840;"Area rural";"Cuenca";"Ricaurte";101629990120031;10162999012003101;1016299901200310101
"Azuay";1;62;999;12;64;1;1;2016;"Hombre";35;881840;"Area rural";"Cuenca";"Ricaurte";101629990120064;10162999012006401;1016299901200640101
"Azuay";1;62;999;13;19;1;1;9999;"Mujer";999;881840;"Area rural";"Cuenca";"Ricaurte";101629990130019;10162999013001901;1016299901300190101
"Azuay";1;62;999;14;3;1;1;2020;"Mujer";32;881840;"Area rural";"Cuenca";"Ricaurte";101629990140003;10162999014000301;1016299901400030101
"Azuay";1;62;999;14;15;1;1;2014;"Hombre";23;881840;"Area rural";"Cuenca";"Ricaurte";101629990140015;10162999014001501;1016299901400150101
"Azuay";1;62;999;14;17;1;1;2022;"Mujer";20;881840;"Area rural";"Cuenca";"Ricaurte";101629990140017;10162999014001701;1016299901400170101
"Azuay";1;62;999;14;20;1;1;2020;"Mujer";21;881840;"Area rural";"Cuenca";"Ricaurte";101629990140020;10162999014002001;1016299901400200101
"Azuay";1;62;999;14;24;1;1;2012;"Hombre";20;881840;"Area rural";"Cuenca";"Ricaurte";101629990140024;10162999014002401;1016299901400240101
"Azuay";1;62;999;14;25;1;1;2019;"Hombre";18;881840;"Area rural";"Cuenca";"Ricaurte";101629990140025;10162999014002501;1016299901400250101
"Azuay";1;62;999;14;39;1;1;2020;"Hombre";24;881840;"Area rural";"Cuenca";"Ricaurte";101629990140039;10162999014003901;1016299901400390101
"Azuay";1;62;999;14;76;1;1;2012;"Mujer";48;881840;"Area rural";"Cuenca";"Ricaurte";101629990140076;10162999014007601;1016299901400760101
"Azuay";1;62;999;15;5;1;1;2020;"Hombre";999;881840;"Area rural";"Cuenca";"Ricaurte";101629990150005;10162999015000501;1016299901500050101
"Azuay";1;62;999;15;11;1;1;2022;"Hombre";30;881840;"Area rural";"Cuenca";"Ricaurte";101629990150011;10162999015001101;1016299901500110101
"Azuay";1;62;999;15;25;1;1;2022;"Hombre";22;881840;"Area rural";"Cuenca";"Ricaurte";101629990150025;10162999015002501;1016299901500250101
"Azuay";1;62;999;15;38;1;1;2016;"Hombre";32;881840;"Area rural";"Cuenca";"Ricaurte";101629990150038;10162999015003801;1016299901500380101
"Azuay";1;62;999;15;39;1;1;2012;"Hombre";999;881840;"Area rural";"Cuenca";"Ricaurte";101629990150039;10162999015003901;1016299901500390101
"Azuay";1;62;999;15;46;1;1;2014;"Hombre";35;881840;"Area rural";"Cuenca";"Ricaurte";101629990150046;10162999015004601;1016299901500460101
"Azuay";1;62;999;15;90;1;1;2016;"Hombre";33;881840;"Area rural";"Cuenca";"Ricaurte";101629990150090;10162999015009001;1016299901500900101
"Azuay";1;62;999;15;96;1;1;2019;"Mujer";57;881840;"Area rural";"Cuenca";"Ricaurte";101629990150096;10162999015009601;1016299901500960101
"Azuay";1;62;999;15;98;1;1;2019;"Mujer";32;881840;"Area rural";"Cuenca";"Ricaurte";101629990150098;10162999015009801;1016299901500980101
"Azuay";1;62;999;16;23;1;1;2019;"Mujer";43;881840;"Area rural";"Cuenca";"Ricaurte";101629990160023;10162999016002301;1016299901600230101
"Azuay";1;62;999;16;29;1;1;2022;"Hombre";999;881840;"Area rural";"Cuenca";"Ricaurte";101629990160029;10162999016002901;1016299901600290101
"Azuay";1;62;999;16;42;1;1;9999;"Hombre";18;881840;"Area rural";"Cuenca";"Ricaurte";101629990160042;10162999016004201;1016299901600420101
"Azuay";1;62;999;16;52;1;1;2014;"Hombre";19;881840;"Area rural";"Cuenca";"Ricaurte";101629990160052;10162999016005201;1016299901600520101
"Azuay";1;62;999;17;1;1;1;2022;"Mujer";35;881840;"Area rural";"Cuenca";"Ricaurte";101629990170001;10162999017000101;1016299901700010101
"Azuay";1;62;999;17;26;1;1;2022;"Mujer";25;881840;"Area rural";"Cuenca";"Ricaurte";101629990170026;10162999017002601;1016299901700260101
"Azuay";1;62;999;17;33;1;1;2019;"Hombre";30;881840;"Area rural";"Cuenca";"Ricaurte";101629990170033;10162999017003301;1016299901700330101
"Azuay";1;62;999;18;30;1;1;2020;"Hombre";20;881840;"Area rural";"Cuenca";"Ricaurte";101629990180030;10162999018003001;1016299901800300101
"Azuay";1;62;999;18;35;1;1;2022;"Mujer";17;881840;"Area rural";"Cuenca";"Ricaurte";101629990180035;10162999018003501;1016299901800350101
"Azuay";1;62;999;18;36;1;1;2020;"Mujer";32;881840;"Area rural";"Cuenca";"Ricaurte";101629990180036;10162999018003601;1016299901800360101
"Azuay";1;62;999;18;50;1;1;2022;"Hombre";21;881840;"Area rural";"Cuenca";"Ricaurte";101629990180050;10162999018005001;1016299901800500101
"Azuay";1;62;999;19;16;1;1;2022;"Mujer";29;881840;"Area rural";"Cuenca";"Ricaurte";101629990190016;10162999019001601;1016299901900160101
"Azuay";1;62;999;19;49;1;1;2019;"Hombre";23;881840;"Area rural";"Cuenca";"Ricaurte";101629990190049;10162999019004901;1016299901900490101
"Azuay";1;62;999;19;57;1;1;9999;"Hombre";999;881840;"Area rural";"Cuenca";"Ricaurte";101629990190057;10162999019005701;1016299901900570101
"Azuay";1;62;999;19;60;1;1;2014;"Hombre";16;881840;"Area rural";"Cuenca";"Ricaurte";101629990190060;10162999019006001;1016299901900600101
"Azuay";1;62;999;20;10;1;1;2019;"Hombre";54;881840;"Area rural";"Cuenca";"Ricaurte";101629990200010;10162999020001001;1016299902000100101
"Azuay";1;62;999;20;11;1;1;2022;"Hombre";48;881840;"Area rural";"Cuenca";"Ricaurte";101629990200011;10162999020001101;1016299902000110101
"Azuay";1;62;999;20;18;1;1;2015;"Hombre";999;881840;"Area rural";"Cuenca";"Ricaurte";101629990200018;10162999020001801;1016299902000180101
"Azuay";1;62;999;20;28;1;1;2015;"Hombre";30;881840;"Area rural";"Cuenca";"Ricaurte";101629990200028;10162999020002801;1016299902000280101
"Azuay";1;62;999;20;65;1;1;2019;"Hombre";34;881840;"Area rural";"Cuenca";"Ricaurte";101629990200065;10162999020006501;1016299902000650101
"Azuay";1;62;999;21;19;1;1;2020;"Hombre";38;881840;"Area rural";"Cuenca";"Ricaurte";101629990210019;10162999021001901;1016299902100190101
"Azuay";1;62;999;21;20;1;1;2022;"Hombre";26;881840;"Area rural";"Cuenca";"Ricaurte";101629990210020;10162999021002001;1016299902100200101
"Azuay";1;62;999;21;82;1;1;2017;"Mujer";29;881840;"Area rural";"Cuenca";"Ricaurte";101629990210082;10162999021008201;1016299902100820101
"Azuay";1;62;999;21;92;1;1;2019;"Mujer";37;881840;"Area rural";"Cuenca";"Ricaurte";101629990210092;10162999021009201;1016299902100920101
"Azuay";1;62;999;22;48;1;1;2020;"Hombre";24;881840;"Area rural";"Cuenca";"Ricaurte";101629990220048;10162999022004801;1016299902200480101
"Azuay";1;62;999;22;65;1;1;2020;"Hombre";20;881840;"Area rural";"Cuenca";"Ricaurte";101629990220065;10162999022006501;1016299902200650101
"Azuay";1;62;999;23;3;1;1;2022;"Hombre";34;881840;"Area rural";"Cuenca";"Ricaurte";101629990230003;10162999023000301;1016299902300030101
"Azuay";1;62;999;23;6;1;1;2014;"Mujer";18;881840;"Area rural";"Cuenca";"Ricaurte";101629990230006;10162999023000601;1016299902300060101
"Azuay";1;62;999;23;21;1;1;2022;"Hombre";999;881840;"Area rural";"Cuenca";"Ricaurte";101629990230021;10162999023002101;1016299902300210101
"Azuay";1;62;999;23;44;1;1;2016;"Hombre";33;881840;"Area rural";"Cuenca";"Ricaurte";101629990230044;10162999023004401;1016299902300440101
"Azuay";1;62;999;23;47;1;1;2022;"Hombre";36;881840;"Area rural";"Cuenca";"Ricaurte";101629990230047;10162999023004701;1016299902300470101
"Azuay";1;62;999;24;37;1;1;2022;"Hombre";15;881840;"Area rural";"Cuenca";"Ricaurte";101629990240037;10162999024003701;1016299902400370101
"Azuay";1;62;999;24;55;1;1;2020;"Hombre";26;881840;"Area rural";"Cuenca";"Ricaurte";101629990240055;10162999024005501;1016299902400550101
"Azuay";1;62;999;24;56;1;1;2018;"Mujer";26;881840;"Area rural";"Cuenca";"Ricaurte";101629990240056;10162999024005601;1016299902400560101
"Azuay";1;62;999;25;4;1;1;2022;"Hombre";53;881840;"Area rural";"Cuenca";"Ricaurte";101629990250004;10162999025000401;1016299902500040101
"Azuay";1;62;999;25;5;1;1;9999;"Hombre";999;881840;"Area rural";"Cuenca";"Ricaurte";101629990250005;10162999025000501;1016299902500050101
"Azuay";1;62;999;25;8;1;1;2022;"Hombre";26;881840;"Area rural";"Cuenca";"Ricaurte";101629990250008;10162999025000801;1016299902500080101
"Azuay";1;62;999;25;14;1;1;2015;"Hombre";28;881840;"Area rural";"Cuenca";"Ricaurte";101629990250014;10162999025001401;1016299902500140101
"Azuay";1;62;999;26;7;1;1;2019;"Mujer";26;881840;"Area rural";"Cuenca";"Ricaurte";101629990260007;10162999026000701;1016299902600070101
"Azuay";1;62;999;26;27;1;1;2020;"Mujer";18;881840;"Area rural";"Cuenca";"Ricaurte";101629990260027;10162999026002701;1016299902600270101
"Azuay";1;62;999;26;34;1;1;2016;"Hombre";19;881840;"Area rural";"Cuenca";"Ricaurte";101629990260034;10162999026003401;1016299902600340101
"Azuay";1;62;999;26;41;1;1;2022;"Hombre";33;881840;"Area rural";"Cuenca";"Ricaurte";101629990260041;10162999026004101;1016299902600410101
"Azuay";1;62;999;26;42;1;1;2022;"Hombre";41;881840;"Area rural";"Cuenca";"Ricaurte";101629990260042;10162999026004201;1016299902600420101
"Azuay";1;62;999;26;49;1;1;2014;"Mujer";38;881840;"Area rural";"Cuenca";"Ricaurte";101629990260049;10162999026004901;1016299902600490101
"Azuay";1;62;999;27;24;1;1;2017;"Mujer";31;881840;"Area rural";"Cuenca";"Ricaurte";101629990270024;10162999027002401;1016299902700240101
"Azuay";1;62;999;27;42;1;1;2018;"Mujer";18;881840;"Area rural";"Cuenca";"Ricaurte";101629990270042;10162999027004201;1016299902700420101
"Azuay";1;62;999;27;45;1;1;2018;"Hombre";26;881840;"Area rural";"Cuenca";"Ricaurte";101629990270045;10162999027004501;1016299902700450101
"Azuay";1;62;999;27;57;1;1;2019;"Hombre";18;881840;"Area rural";"Cuenca";"Ricaurte";101629990270057;10162999027005701;1016299902700570101
"Azuay";1;62;999;27;64;1;1;2013;"Mujer";19;881840;"Area rural";"Cuenca";"Ricaurte";101629990270064;10162999027006401;1016299902700640101
"Azuay";1;62;999;28;26;1;1;2019;"Hombre";42;881840;"Area rural";"Cuenca";"Ricaurte";101629990280026;10162999028002601;1016299902800260101
"Azuay";1;62;999;29;64;1;1;2020;"Hombre";18;881840;"Area rural";"Cuenca";"Ricaurte";101629990290064;10162999029006401;1016299902900640101
"Azuay";1;62;999;29;70;1;1;2020;"Hombre";46;881840;"Area rural";"Cuenca";"Ricaurte";101629990290070;10162999029007001;1016299902900700101
"Azuay";1;62;999;30;18;1;1;2022;"Hombre";42;881840;"Area rural";"Cuenca";"Ricaurte";101629990300018;10162999030001801;1016299903000180101
"Azuay";1;62;999;31;19;1;1;2022;"Mujer";20;881840;"Area rural";"Cuenca";"Ricaurte";101629990310019;10162999031001901;1016299903100190101
"Azuay";1;62;999;32;67;1;1;2022;"Mujer";37;881840;"Area rural";"Cuenca";"Ricaurte";101629990320067;10162999032006701;1016299903200670101
"Azuay";1;62;999;32;69;1;1;2022;"Hombre";35;881840;"Area rural";"Cuenca";"Ricaurte";101629990320069;10162999032006901;1016299903200690101
"Azuay";1;62;999;33;71;1;1;2019;"Mujer";20;881840;"Area rural";"Cuenca";"Ricaurte";101629990330071;10162999033007101;1016299903300710101
"Azuay";1;62;999;34;11;1;1;2010;"Mujer";64;881840;"Area rural";"Cuenca";"Ricaurte";101629990340011;10162999034001101;1016299903400110101
"Azuay";1;62;999;34;36;1;1;2020;"Hombre";32;881840;"Area rural";"Cuenca";"Ricaurte";101629990340036;10162999034003601;1016299903400360101
"Azuay";1;62;999;34;38;1;1;2019;"Hombre";19;881840;"Area rural";"Cuenca";"Ricaurte";101629990340038;10162999034003801;1016299903400380101
"Azuay";1;62;999;34;42;1;1;2019;"Hombre";36;881840;"Area rural";"Cuenca";"Ricaurte";101629990340042;10162999034004201;1016299903400420101
"Azuay";1;62;999;34;67;1;1;2022;"Hombre";34;881840;"Area rural";"Cuenca";"Ricaurte";101629990340067;10162999034006701;1016299903400670101
"Azuay";1;62;999;34;82;1;1;2020;"Hombre";42;881840;"Area rural";"Cuenca";"Ricaurte";101629990340082;10162999034008201;1016299903400820101
"Azuay";1;62;999;34;96;1;1;2018;"Hombre";28;881840;"Area rural";"Cuenca";"Ricaurte";101629990340096;10162999034009601;1016299903400960101
"Azuay";1;62;999;34;106;1;1;2020;"Hombre";25;881840;"Area rural";"Cuenca";"Ricaurte";101629990340106;10162999034010601;1016299903401060101
"Azuay";1;62;999;35;91;1;1;2022;"Hombre";28;881840;"Area rural";"Cuenca";"Ricaurte";101629990350091;10162999035009101;1016299903500910101
"Azuay";1;62;999;37;88;1;1;2020;"Mujer";40;881840;"Area rural";"Cuenca";"Ricaurte";101629990370088;10162999037008801;1016299903700880101
"Azuay";1;62;999;37;98;1;1;2016;"Mujer";28;881840;"Area rural";"Cuenca";"Ricaurte";101629990370098;10162999037009801;1016299903700980101
"Azuay";1;62;999;38;23;1;1;2014;"Hombre";20;881840;"Area rural";"Cuenca";"Ricaurte";101629990380023;10162999038002301;1016299903800230101
"Azuay";1;62;999;38;29;1;1;2019;"Mujer";27;881840;"Area rural";"Cuenca";"Ricaurte";101629990380029;10162999038002901;1016299903800290101
"Azuay";1;62;999;39;2;1;1;2022;"Hombre";33;881840;"Area rural";"Cuenca";"Ricaurte";101629990390002;10162999039000201;1016299903900020101
"Azuay";1;62;999;39;25;1;1;2022;"Hombre";27;881840;"Area rural";"Cuenca";"Ricaurte";101629990390025;10162999039002501;1016299903900250101
"Azuay";1;62;999;39;27;1;1;2020;"Hombre";32;881840;"Area rural";"Cuenca";"Ricaurte";101629990390027;10162999039002701;1016299903900270101
"Azuay";1;62;999;39;80;1;1;2018;"Mujer";38;881840;"Area rural";"Cuenca";"Ricaurte";101629990390080;10162999039008001;1016299903900800101
"Azuay";1;62;999;40;3;1;1;2018;"Mujer";34;881840;"Area rural";"Cuenca";"Ricaurte";101629990400003;10162999040000301;1016299904000030101
"Azuay";1;62;999;40;15;1;1;2022;"Hombre";17;881840;"Area rural";"Cuenca";"Ricaurte";101629990400015;10162999040001501;1016299904000150101
"Azuay";1;62;999;40;31;1;1;2020;"Hombre";17;881840;"Area rural";"Cuenca";"Ricaurte";101629990400031;10162999040003101;1016299904000310101
"Azuay";1;62;999;40;63;1;1;2022;"Mujer";32;881840;"Area rural";"Cuenca";"Ricaurte";101629990400063;10162999040006301;1016299904000630101
"Azuay";1;62;999;40;65;1;1;2015;"Hombre";32;881840;"Area rural";"Cuenca";"Ricaurte";101629990400065;10162999040006501;1016299904000650101
"Azuay";1;62;999;41;16;1;1;2019;"Mujer";23;881840;"Area rural";"Cuenca";"Ricaurte";101629990410016;10162999041001601;1016299904100160101
"Azuay";1;62;999;41;19;1;1;2018;"Hombre";38;881840;"Area rural";"Cuenca";"Ricaurte";101629990410019;10162999041001901;1016299904100190101
"Azuay";1;62;999;41;51;1;1;2022;"Hombre";38;881840;"Area rural";"Cuenca";"Ricaurte";101629990410051;10162999041005101;1016299904100510101
"Azuay";1;62;999;41;57;1;1;2022;"Hombre";43;881840;"Area rural";"Cuenca";"Ricaurte";101629990410057;10162999041005701;1016299904100570101
"Azuay";1;62;999;42;2;1;1;2017;"Mujer";41;881840;"Area rural";"Cuenca";"Ricaurte";101629990420002;10162999042000201;1016299904200020101
"Azuay";1;62;999;42;4;1;1;2022;"Hombre";22;881840;"Area rural";"Cuenca";"Ricaurte";101629990420004;10162999042000401;1016299904200040101
"Azuay";1;62;999;42;77;1;1;2020;"Mujer";39;881840;"Area rural";"Cuenca";"Ricaurte";101629990420077;10162999042007701;1016299904200770101
"Azuay";1;62;999;44;28;1;1;2020;"Hombre";38;881840;"Area rural";"Cuenca";"Ricaurte";101629990440028;10162999044002801;1016299904400280101
"Azuay";1;62;999;44;32;1;1;2017;"Hombre";24;881840;"Area rural";"Cuenca";"Ricaurte";101629990440032;10162999044003201;1016299904400320101
"Azuay";1;62;999;44;43;1;1;2018;"Mujer";25;881840;"Area rural";"Cuenca";"Ricaurte";101629990440043;10162999044004301;1016299904400430101
"Azuay";1;62;999;44;52;1;1;2020;"Hombre";33;881840;"Area rural";"Cuenca";"Ricaurte";101629990440052;10162999044005201;1016299904400520101
"Azuay";1;62;999;44;56;1;1;2017;"Mujer";38;881840;"Area rural";"Cuenca";"Ricaurte";101629990440056;10162999044005601;1016299904400560101
"Azuay";1;62;999;46;20;1;1;2011;"Hombre";35;881840;"Area rural";"Cuenca";"Ricaurte";101629990460020;10162999046002001;1016299904600200101
"Azuay";1;62;999;46;31;1;1;2020;"Hombre";27;881840;"Area rural";"Cuenca";"Ricaurte";101629990460031;10162999046003101;1016299904600310101
"Azuay";1;62;999;46;50;1;1;2022;"Hombre";32;881840;"Area rural";"Cuenca";"Ricaurte";101629990460050;10162999046005001;1016299904600500101
"Azuay";1;62;999;46;56;1;1;2022;"Hombre";40;881840;"Area rural";"Cuenca";"Ricaurte";101629990460056;10162999046005601;1016299904600560101
"Azuay";1;62;999;46;58;1;1;2022;"Hombre";38;881840;"Area rural";"Cuenca";"Ricaurte";101629990460058;10162999046005801;1016299904600580101
"Azuay";1;62;999;48;13;1;1;2019;"Hombre";19;881840;"Area rural";"Cuenca";"Ricaurte";101629990480013;10162999048001301;1016299904800130101
"Azuay";1;62;999;48;31;1;1;2016;"Mujer";32;881840;"Area rural";"Cuenca";"Ricaurte";101629990480031;10162999048003101;1016299904800310101
"Azuay";1;62;999;48;35;1;1;2020;"Hombre";35;881840;"Area rural";"Cuenca";"Ricaurte";101629990480035;10162999048003501;1016299904800350101
"Azuay";1;62;999;48;36;1;1;2020;"Hombre";41;881840;"Area rural";"Cuenca";"Ricaurte";101629990480036;10162999048003601;1016299904800360101
"Azuay";1;62;999;48;65;1;1;2015;"Mujer";27;881840;"Area rural";"Cuenca";"Ricaurte";101629990480065;10162999048006501;1016299904800650101
"Azuay";1;62;999;48;89;1;1;2010;"Hombre";20;881840;"Area rural";"Cuenca";"Ricaurte";101629990480089;10162999048008901;1016299904800890101
"Azuay";1;62;999;49;8;1;1;2015;"Mujer";37;881840;"Area rural";"Cuenca";"Ricaurte";101629990490008;10162999049000801;1016299904900080101
"Azuay";1;62;999;49;14;1;1;2020;"Mujer";25;881840;"Area rural";"Cuenca";"Ricaurte";101629990490014;10162999049001401;1016299904900140101
"Azuay";1;62;999;49;37;1;1;2018;"Mujer";96;881840;"Area rural";"Cuenca";"Ricaurte";101629990490037;10162999049003701;1016299904900370101
"Azuay";1;62;999;49;80;1;1;2022;"Mujer";47;881840;"Area rural";"Cuenca";"Ricaurte";101629990490080;10162999049008001;1016299904900800101
"Azuay";1;62;999;49;87;1;1;2019;"Hombre";19;881840;"Area rural";"Cuenca";"Ricaurte";101629990490087;10162999049008701;1016299904900870101
"Azuay";1;62;999;50;3;1;1;2022;"Hombre";30;881840;"Area rural";"Cuenca";"Ricaurte";101629990500003;10162999050000301;1016299905000030101
"Azuay";1;62;999;50;11;1;1;2020;"Hombre";25;881840;"Area rural";"Cuenca";"Ricaurte";101629990500011;10162999050001101;1016299905000110101
"Azuay";1;62;999;50;26;1;1;2022;"Hombre";14;881840;"Area rural";"Cuenca";"Ricaurte";101629990500026;10162999050002601;1016299905000260101
"Azuay";1;62;999;50;46;1;1;2022;"Hombre";44;881840;"Area rural";"Cuenca";"Ricaurte";101629990500046;10162999050004601;1016299905000460101
"Azuay";1;62;999;50;84;1;1;2022;"Hombre";36;881840;"Area rural";"Cuenca";"Ricaurte";101629990500084;10162999050008401;1016299905000840101
"Azuay";1;62;999;51;10;1;1;2022;"Hombre";32;881840;"Area rural";"Cuenca";"Ricaurte";101629990510010;10162999051001001;1016299905100100101
"Azuay";1;62;999;51;58;1;1;2016;"Mujer";24;881840;"Area rural";"Cuenca";"Ricaurte";101629990510058;10162999051005801;1016299905100580101
"Azuay";1;62;999;51;68;1;1;2020;"Mujer";18;881840;"Area rural";"Cuenca";"Ricaurte";101629990510068;10162999051006801;1016299905100680101
"Azuay";1;62;999;51;78;1;1;2022;"Mujer";22;881840;"Area rural";"Cuenca";"Ricaurte";101629990510078;10162999051007801;1016299905100780101
"Azuay";1;62;999;51;82;1;1;2022;"Hombre";21;881840;"Area rural";"Cuenca";"Ricaurte";101629990510082;10162999051008201;1016299905100820101
"Azuay";1;62;999;52;25;1;1;2022;"Hombre";35;881840;"Area rural";"Cuenca";"Ricaurte";101629990520025;10162999052002501;1016299905200250101
"Azuay";1;62;999;52;55;1;1;2020;"Hombre";27;881840;"Area rural";"Cuenca";"Ricaurte";101629990520055;10162999052005501;1016299905200550101
"Azuay";1;62;999;52;75;1;1;2022;"Hombre";18;881840;"Area rural";"Cuenca";"Ricaurte";101629990520075;10162999052007501;1016299905200750101
"Azuay";1;62;999;52;88;1;1;2019;"Hombre";41;881840;"Area rural";"Cuenca";"Ricaurte";101629990520088;10162999052008801;1016299905200880101
"Azuay";1;62;999;53;75;1;1;2020;"Hombre";18;881840;"Area rural";"Cuenca";"Ricaurte";101629990530075;10162999053007501;1016299905300750101
"Azuay";1;62;1;1;28;1;1;2020;"Hombre";30;881840;"Area rural";"Cuenca";"Ricaurte";101620010010028;10162001001002801;1016200100100280101
"Azuay";1;62;1;1;72;1;1;2021;"Mujer";18;881840;"Area rural";"Cuenca";"Ricaurte";101620010010072;10162001001007201;1016200100100720101
"Azuay";1;62;1;2;6;1;1;2019;"Mujer";35;881840;"Area rural";"Cuenca";"Ricaurte";101620010020006;10162001002000601;1016200100200060101
"Azuay";1;62;1;2;26;1;1;2013;"Hombre";22;881840;"Area rural";"Cuenca";"Ricaurte";101620010020026;10162001002002601;1016200100200260101
"Azuay";1;62;1;2;62;1;1;2022;"Mujer";18;881840;"Area rural";"Cuenca";"Ricaurte";101620010020062;10162001002006201;1016200100200620101
"Azuay";1;62;1;2;67;1;1;2022;"Hombre";21;881840;"Area rural";"Cuenca";"Ricaurte";101620010020067;10162001002006701;1016200100200670101
"Azuay";1;62;1;2;85;1;1;2021;"Mujer";20;881840;"Area rural";"Cuenca";"Ricaurte";101620010020085;10162001002008501;1016200100200850101
"Azuay";1;62;1;3;80;1;1;2021;"Mujer";45;881840;"Area rural";"Cuenca";"Ricaurte";101620010030080;10162001003008001;1016200100300800101
"Azuay";1;62;1;3;91;1;1;2018;"Mujer";18;881840;"Area rural";"Cuenca";"Ricaurte";101620010030091;10162001003009101;1016200100300910101
"Azuay";1;62;1;3;110;1;1;2015;"Hombre";15;881840;"Area rural";"Cuenca";"Ricaurte";101620010030110;10162001003011001;1016200100301100101
"Azuay";1;62;1;4;5;1;1;2019;"Mujer";30;881840;"Area rural";"Cuenca";"Ricaurte";101620010040005;10162001004000501;1016200100400050101
"Azuay";1;62;1;4;20;1;1;2018;"Mujer";40;881840;"Area rural";"Cuenca";"Ricaurte";101620010040020;10162001004002001;1016200100400200101
"Azuay";1;62;1;4;177;1;1;2018;"Hombre";31;881840;"Area rural";"Cuenca";"Ricaurte";101620010040177;10162001004017701;1016200100401770101
"Azuay";1;62;1;5;6;1;1;2021;"Mujer";33;881840;"Area rural";"Cuenca";"Ricaurte";101620010050006;10162001005000601;1016200100500060101
"Azuay";1;62;1;5;41;1;1;2019;"Hombre";33;881840;"Area rural";"Cuenca";"Ricaurte";101620010050041;10162001005004101;1016200100500410101
"Azuay";1;62;1;5;76;1;1;2022;"Hombre";28;881840;"Area rural";"Cuenca";"Ricaurte";101620010050076;10162001005007601;1016200100500760101
"Azuay";1;62;1;5;85;1;1;2020;"Hombre";22;881840;"Area rural";"Cuenca";"Ricaurte";101620010050085;10162001005008501;1016200100500850101
"Azuay";1;62;1;6;30;1;1;2020;"Mujer";46;881840;"Area rural";"Cuenca";"Ricaurte";101620010060030;10162001006003001;1016200100600300101
"Azuay";1;62;1;6;32;1;1;2012;"Hombre";999;881840;"Area rural";"Cuenca";"Ricaurte";101620010060032;10162001006003201;1016200100600320101
"Azuay";1;62;1;6;81;1;1;2010;"Hombre";20;881840;"Area rural";"Cuenca";"Ricaurte";101620010060081;10162001006008101;1016200100600810101
"Azuay";1;62;1;6;150;1;1;2021;"Hombre";23;881840;"Area rural";"Cuenca";"Ricaurte";101620010060150;10162001006015001;1016200100601500101
"Azuay";1;62;1;6;201;1;1;2022;"Mujer";18;881840;"Area rural";"Cuenca";"Ricaurte";101620010060201;10162001006020101;1016200100602010101
"Azuay";1;62;1;6;215;1;1;2018;"Mujer";37;881840;"Area rural";"Cuenca";"Ricaurte";101620010060215;10162001006021501;1016200100602150101
"Azuay";1;62;1;7;9;1;1;2022;"Mujer";60;881840;"Area rural";"Cuenca";"Ricaurte";101620010070009;10162001007000901;1016200100700090101
"Azuay";1;62;1;7;11;1;1;2022;"Mujer";16;881840;"Area rural";"Cuenca";"Ricaurte";101620010070011;10162001007001101;1016200100700110101
"Azuay";1;62;1;7;28;1;1;2020;"Hombre";25;881840;"Area rural";"Cuenca";"Ricaurte";101620010070028;10162001007002801;1016200100700280101
"Azuay";1;62;1;7;41;1;1;2022;"Mujer";22;881840;"Area rural";"Cuenca";"Ricaurte";101620010070041;10162001007004101;1016200100700410101
"Azuay";1;62;1;7;56;1;1;2021;"Hombre";40;881840;"Area rural";"Cuenca";"Ricaurte";101620010070056;10162001007005601;1016200100700560101
"Azuay";1;62;1;7;61;1;1;2019;"Mujer";19;881840;"Area rural";"Cuenca";"Ricaurte";101620010070061;10162001007006101;1016200100700610101
"Azuay";1;62;1;7;62;1;1;2022;"Hombre";37;881840;"Area rural";"Cuenca";"Ricaurte";101620010070062;10162001007006201;1016200100700620101
"Azuay";1;62;2;1;5;1;1;2020;"Mujer";33;881840;"Area rural";"Cuenca";"Ricaurte";101620020010005;10162002001000501;1016200200100050101
"Azuay";1;62;2;1;27;1;1;2020;"Hombre";26;881840;"Area rural";"Cuenca";"Ricaurte";101620020010027;10162002001002701;1016200200100270101
"Azuay";1;62;2;1;49;1;1;2022;"Hombre";32;881840;"Area rural";"Cuenca";"Ricaurte";101620020010049;10162002001004901;1016200200100490101
"Azuay";1;62;2;2;29;1;1;2021;"Hombre";35;881840;"Area rural";"Cuenca";"Ricaurte";101620020020029;10162002002002901;1016200200200290101
"Azuay";1;62;2;2;39;1;1;2020;"Hombre";51;881840;"Area rural";"Cuenca";"Ricaurte";101620020020039;10162002002003901;1016200200200390101
"Azuay";1;62;2;2;61;1;1;2021;"Mujer";35;881840;"Area rural";"Cuenca";"Ricaurte";101620020020061;10162002002006101;1016200200200610101
"Azuay";1;62;2;2;91;1;1;2021;"Mujer";21;881840;"Area rural";"Cuenca";"Ricaurte";101620020020091;10162002002009101;1016200200200910101
"Azuay";1;62;2;2;108;1;1;2021;"Mujer";35;881840;"Area rural";"Cuenca";"Ricaurte";101620020020108;10162002002010801;1016200200201080101
"Azuay";1;62;2;3;6;1;1;2021;"Hombre";41;881840;"Area rural";"Cuenca";"Ricaurte";101620020030006;10162002003000601;1016200200300060101
"Azuay";1;62;2;3;70;1;1;2021;"Hombre";39;881840;"Area rural";"Cuenca";"Ricaurte";101620020030070;10162002003007001;1016200200300700101
"Azuay";1;62;2;3;94;1;1;2013;"Hombre";40;881840;"Area rural";"Cuenca";"Ricaurte";101620020030094;10162002003009401;1016200200300940101
"Azuay";1;62;2;4;31;1;1;2022;"Hombre";14;881840;"Area rural";"Cuenca";"Ricaurte";101620020040031;10162002004003101;1016200200400310101
"Azuay";1;62;2;4;65;1;1;2021;"Mujer";41;881840;"Area rural";"Cuenca";"Ricaurte";101620020040065;10162002004006501;1016200200400650101
"Azuay";1;62;2;4;74;1;1;2021;"Mujer";38;881840;"Area rural";"Cuenca";"Ricaurte";101620020040074;10162002004007401;1016200200400740101
"Azuay";1;62;2;4;77;1;1;2021;"Hombre";23;881840;"Area rural";"Cuenca";"Ricaurte";101620020040077;10162002004007701;1016200200400770101
"Azuay";1;62;2;4;81;1;1;2021;"Hombre";35;881840;"Area rural";"Cuenca";"Ricaurte";101620020040081;10162002004008101;1016200200400810101
"Azuay";1;62;2;4;90;1;1;2021;"Hombre";41;881840;"Area rural";"Cuenca";"Ricaurte";101620020040090;10162002004009001;1016200200400900101
"Azuay";1;62;2;4;99;1;1;9999;"Mujer";999;881840;"Area rural";"Cuenca";"Ricaurte";101620020040099;10162002004009901;1016200200400990101
"Azuay";1;62;2;4;111;1;1;2021;"Hombre";18;881840;"Area rural";"Cuenca";"Ricaurte";101620020040111;10162002004011101;1016200200401110101
"Azuay";1;62;2;4;113;1;1;2020;"Hombre";28;881840;"Area rural";"Cuenca";"Ricaurte";101620020040113;10162002004011301;1016200200401130101
"Azuay";1;62;2;5;40;1;1;2021;"Mujer";39;881840;"Area rural";"Cuenca";"Ricaurte";101620020050040;10162002005004001;1016200200500400101
"Azuay";1;62;2;5;42;1;1;2021;"Hombre";53;881840;"Area rural";"Cuenca";"Ricaurte";101620020050042;10162002005004201;1016200200500420101
"Azuay";1;62;2;5;55;1;1;2021;"Mujer";32;881840;"Area rural";"Cuenca";"Ricaurte";101620020050055;10162002005005501;1016200200500550101
"Azuay";1;62;2;5;59;1;1;2021;"Mujer";28;881840;"Area rural";"Cuenca";"Ricaurte";101620020050059;10162002005005901;1016200200500590101
"Azuay";1;62;2;5;66;1;1;2017;"Mujer";999;881840;"Area rural";"Cuenca";"Ricaurte";101620020050066;10162002005006601;1016200200500660101
"Azuay";1;62;2;5;77;1;1;2022;"Mujer";27;881840;"Area rural";"Cuenca";"Ricaurte";101620020050077;10162002005007701;1016200200500770101
"Azuay";1;62;2;5;81;1;1;2020;"Hombre";42;881840;"Area rural";"Cuenca";"Ricaurte";101620020050081;10162002005008101;1016200200500810101
"Azuay";1;62;2;6;13;1;1;2020;"Hombre";51;881840;"Area rural";"Cuenca";"Ricaurte";101620020060013;10162002006001301;1016200200600130101
"Azuay";1;62;2;6;30;1;1;2020;"Mujer";999;881840;"Area rural";"Cuenca";"Ricaurte";101620020060030;10162002006003001;1016200200600300101
"Azuay";1;62;2;6;44;1;1;2013;"Hombre";32;881840;"Area rural";"Cuenca";"Ricaurte";101620020060044;10162002006004401;1016200200600440101
"Azuay";1;62;2;6;46;1;1;2020;"Hombre";999;881840;"Area rural";"Cuenca";"Ricaurte";101620020060046;10162002006004601;1016200200600460101
"Azuay";1;62;2;6;72;1;1;2021;"Hombre";30;881840;"Area rural";"Cuenca";"Ricaurte";101620020060072;10162002006007201;1016200200600720101
"Azuay";1;62;2;6;85;1;1;2021;"Hombre";38;881840;"Area rural";"Cuenca";"Ricaurte";101620020060085;10162002006008501;1016200200600850101
"Azuay";1;62;2;6;97;1;1;2022;"Hombre";26;881840;"Area rural";"Cuenca";"Ricaurte";101620020060097;10162002006009701;1016200200600970101
"Azuay";1;62;2;6;118;1;1;2021;"Hombre";33;881840;"Area rural";"Cuenca";"Ricaurte";101620020060118;10162002006011801;1016200200601180101
"Azuay";1;62;2;7;82;1;1;2012;"Mujer";20;881840;"Area rural";"Cuenca";"Ricaurte";101620020070082;10162002007008201;1016200200700820101
"Azuay";1;62;2;7;85;1;1;2022;"Hombre";28;881840;"Area rural";"Cuenca";"Ricaurte";101620020070085;10162002007008501;1016200200700850101
"Azuay";1;62;2;7;97;1;1;2021;"Mujer";999;881840;"Area rural";"Cuenca";"Ricaurte";101620020070097;10162002007009701;1016200200700970101
"Azuay";1;62;2;7;116;1;1;2022;"Hombre";20;881840;"Area rural";"Cuenca";"Ricaurte";101620020070116;10162002007011601;1016200200701160101
"Azuay";1;62;2;7;141;1;1;2021;"Hombre";40;881840;"Area rural";"Cuenca";"Ricaurte";101620020070141;10162002007014101;1016200200701410101
"Azuay";1;62;2;7;149;1;1;2022;"Mujer";28;881840;"Area rural";"Cuenca";"Ricaurte";101620020070149;10162002007014901;1016200200701490101
"Azuay";1;62;2;7;173;1;1;2016;"Hombre";49;881840;"Area rural";"Cuenca";"Ricaurte";101620020070173;10162002007017301;1016200200701730101
"Azuay";1;62;2;8;8;1;1;2020;"Hombre";23;881840;"Area rural";"Cuenca";"Ricaurte";101620020080008;10162002008000801;1016200200800080101
"Azuay";1;62;2;8;9;1;1;2021;"Hombre";40;881840;"Area rural";"Cuenca";"Ricaurte";101620020080009;10162002008000901;1016200200800090101
"Azuay";1;62;2;8;30;1;1;2020;"Mujer";20;881840;"Area rural";"Cuenca";"Ricaurte";101620020080030;10162002008003001;1016200200800300101
"Azuay";1;62;2;8;84;1;1;2020;"Hombre";999;881840;"Area rural";"Cuenca";"Ricaurte";101620020080084;10162002008008401;1016200200800840101
"Azuay";1;62;2;8;93;1;1;2015;"Hombre";33;881840;"Area rural";"Cuenca";"Ricaurte";101620020080093;10162002008009301;1016200200800930101
"Azuay";1;62;3;1;16;1;1;2022;"Hombre";25;881840;"Area rural";"Cuenca";"Ricaurte";101620030010016;10162003001001601;1016200300100160101
"Azuay";1;62;3;1;17;1;1;2020;"Hombre";24;881840;"Area rural";"Cuenca";"Ricaurte";101620030010017;10162003001001701;1016200300100170101
"Azuay";1;62;3;1;33;1;1;2022;"Hombre";28;881840;"Area rural";"Cuenca";"Ricaurte";101620030010033;10162003001003301;1016200300100330101
"Azuay";1;62;3;1;41;1;1;2018;"Hombre";26;881840;"Area rural";"Cuenca";"Ricaurte";101620030010041;10162003001004101;1016200300100410101
"Azuay";1;62;3;1;85;1;1;2022;"Hombre";47;881840;"Area rural";"Cuenca";"Ricaurte";101620030010085;10162003001008501;1016200300100850101
"Azuay";1;62;3;1;95;1;1;2019;"Mujer";24;881840;"Area rural";"Cuenca";"Ricaurte";101620030010095;10162003001009501;1016200300100950101
"Azuay";1;62;3;1;108;1;1;2020;"Hombre";29;881840;"Area rural";"Cuenca";"Ricaurte";101620030010108;10162003001010801;1016200300101080101
"Azuay";1;62;3;1;119;1;1;2021;"Hombre";25;881840;"Area rural";"Cuenca";"Ricaurte";101620030010119;10162003001011901;1016200300101190101
"Azuay";1;62;3;2;78;1;1;2020;"Mujer";28;881840;"Area rural";"Cuenca";"Ricaurte";101620030020078;10162003002007801;1016200300200780101
"Azuay";1;62;3;2;85;1;1;2021;"Hombre";36;881840;"Area rural";"Cuenca";"Ricaurte";101620030020085;10162003002008501;1016200300200850101
"Azuay";1;62;3;3;9;1;1;2019;"Mujer";40;881840;"Area rural";"Cuenca";"Ricaurte";101620030030009;10162003003000901;1016200300300090101
"Azuay";1;62;3;3;33;1;1;2015;"Hombre";22;881840;"Area rural";"Cuenca";"Ricaurte";101620030030033;10162003003003301;1016200300300330101
"Azuay";1;62;3;3;44;1;1;2022;"Mujer";24;881840;"Area rural";"Cuenca";"Ricaurte";101620030030044;10162003003004401;1016200300300440101
"Azuay";1;62;3;3;84;1;1;2012;"Hombre";55;881840;"Area rural";"Cuenca";"Ricaurte";101620030030084;10162003003008401;1016200300300840101
"Azuay";1;62;3;3;91;1;1;2020;"Mujer";24;881840;"Area rural";"Cuenca";"Ricaurte";101620030030091;10162003003009101;1016200300300910101
"Azuay";1;62;3;4;1;1;1;2022;"Hombre";25;881840;"Area rural";"Cuenca";"Ricaurte";101620030040001;10162003004000101;1016200300400010101
"Azuay";1;62;3;4;14;1;1;2016;"Mujer";21;881840;"Area rural";"Cuenca";"Ricaurte";101620030040014;10162003004001401;1016200300400140101
"Azuay";1;62;3;4;27;1;1;2015;"Mujer";28;881840;"Area rural";"Cuenca";"Ricaurte";101620030040027;10162003004002701;1016200300400270101
"Azuay";1;62;3;4;76;1;1;2021;"Hombre";28;881840;"Area rural";"Cuenca";"Ricaurte";101620030040076;10162003004007601;1016200300400760101
"Azuay";1;62;3;5;70;1;1;2016;"Mujer";27;881840;"Area rural";"Cuenca";"Ricaurte";101620030050070;10162003005007001;1016200300500700101
"Azuay";1;62;3;6;3;1;1;2016;"Hombre";30;881840;"Area rural";"Cuenca";"Ricaurte";101620030060003;10162003006000301;1016200300600030101
"Azuay";1;62;3;7;23;1;1;2022;"Hombre";37;881840;"Area rural";"Cuenca";"Ricaurte";101620030070023;10162003007002301;1016200300700230101
"Azuay";1;62;3;7;83;1;1;2021;"Hombre";43;881840;"Area rural";"Cuenca";"Ricaurte";101620030070083;10162003007008301;1016200300700830101
"Azuay";1;62;3;7;112;1;1;2014;"Mujer";35;881840;"Area rural";"Cuenca";"Ricaurte";101620030070112;10162003007011201;1016200300701120101
"Azuay";1;62;3;7;116;1;1;2021;"Hombre";32;881840;"Area rural";"Cuenca";"Ricaurte";101620030070116;10162003007011601;1016200300701160101
"Azuay";1;62;3;8;2;1;1;2016;"Hombre";29;881840;"Area rural";"Cuenca";"Ricaurte";101620030080002;10162003008000201;1016200300800020101
"Azuay";1;62;3;8;7;1;1;2021;"Hombre";32;881840;"Area rural";"Cuenca";"Ricaurte";101620030080007;10162003008000701;1016200300800070101
"Azuay";1;62;3;8;31;1;1;2021;"Hombre";34;881840;"Area rural";"Cuenca";"Ricaurte";101620030080031;10162003008003101;1016200300800310101
"Azuay";1;62;3;8;59;1;1;2019;"Hombre";31;881840;"Area rural";"Cuenca";"Ricaurte";101620030080059;10162003008005901;1016200300800590101
"Azuay";1;62;3;8;88;1;1;2020;"Hombre";22;881840;"Area rural";"Cuenca";"Ricaurte";101620030080088;10162003008008801;1016200300800880101
"Azuay";1;62;3;8;96;1;1;2021;"Hombre";23;881840;"Area rural";"Cuenca";"Ricaurte";101620030080096;10162003008009601;1016200300800960101
"Azuay";1;62;3;8;125;1;1;2020;"Hombre";31;881840;"Area rural";"Cuenca";"Ricaurte";101620030080125;10162003008012501;1016200300801250101
"Azuay";1;62;4;1;5;1;1;2020;"Hombre";17;881840;"Area rural";"Cuenca";"Ricaurte";101620040010005;10162004001000501;1016200400100050101
"Azuay";1;62;4;1;8;1;1;2021;"Hombre";22;881840;"Area rural";"Cuenca";"Ricaurte";101620040010008;10162004001000801;1016200400100080101
"Azuay";1;62;4;1;89;1;1;2022;"Hombre";35;881840;"Area rural";"Cuenca";"Ricaurte";101620040010089;10162004001008901;1016200400100890101
"Azuay";1;62;4;2;94;1;1;2021;"Mujer";22;881840;"Area rural";"Cuenca";"Ricaurte";101620040020094;10162004002009401;1016200400200940101
"Azuay";1;62;4;3;2;1;1;2019;"Hombre";20;881840;"Area rural";"Cuenca";"Ricaurte";101620040030002;10162004003000201;1016200400300020101
"Azuay";1;62;4;3;6;1;1;2020;"Mujer";49;881840;"Area rural";"Cuenca";"Ricaurte";101620040030006;10162004003000601;1016200400300060101
"Azuay";1;62;4;3;33;1;1;2020;"Mujer";23;881840;"Area rural";"Cuenca";"Ricaurte";101620040030033;10162004003003301;1016200400300330101
"Azuay";1;62;4;3;61;1;1;2021;"Mujer";34;881840;"Area rural";"Cuenca";"Ricaurte";101620040030061;10162004003006101;1016200400300610101
"Azuay";1;62;4;4;6;1;1;2010;"Hombre";50;881840;"Area rural";"Cuenca";"Ricaurte";101620040040006;10162004004000601;1016200400400060101
"Azuay";1;62;4;4;26;1;1;2021;"Hombre";25;881840;"Area rural";"Cuenca";"Ricaurte";101620040040026;10162004004002601;1016200400400260101
"Azuay";1;62;4;4;39;1;1;2021;"Hombre";32;881840;"Area rural";"Cuenca";"Ricaurte";101620040040039;10162004004003901;1016200400400390101
"Azuay";1;62;4;4;126;1;1;2022;"Hombre";37;881840;"Area rural";"Cuenca";"Ricaurte";101620040040126;10162004004012601;1016200400401260101
"Azuay";1;62;4;4;145;1;1;2022;"Hombre";48;881840;"Area rural";"Cuenca";"Ricaurte";101620040040145;10162004004014501;1016200400401450101
"Azuay";1;62;4;4;157;1;1;2016;"Mujer";23;881840;"Area rural";"Cuenca";"Ricaurte";101620040040157;10162004004015701;1016200400401570101
"Azuay";1;62;4;4;163;1;1;2020;"Hombre";36;881840;"Area rural";"Cuenca";"Ricaurte";101620040040163;10162004004016301;1016200400401630101
"Azuay";1;62;4;4;166;1;1;2020;"Hombre";36;881840;"Area rural";"Cuenca";"Ricaurte";101620040040166;10162004004016601;1016200400401660101
"Azuay";1;62;4;5;64;1;1;2022;"Hombre";48;881840;"Area rural";"Cuenca";"Ricaurte";101620040050064;10162004005006401;1016200400500640101
"Azuay";1;62;4;5;67;1;1;2017;"Mujer";27;881840;"Area rural";"Cuenca";"Ricaurte";101620040050067;10162004005006701;1016200400500670101
"Azuay";1;62;4;5;229;1;1;2021;"Hombre";21;881840;"Area rural";"Cuenca";"Ricaurte";101620040050229;10162004005022901;1016200400502290101
"Azuay";1;62;4;5;264;1;1;2019;"Mujer";30;881840;"Area rural";"Cuenca";"Ricaurte";101620040050264;10162004005026401;1016200400502640101
"Azuay";1;62;4;6;48;1;1;2021;"Hombre";25;881840;"Area rural";"Cuenca";"Ricaurte";101620040060048;10162004006004801;1016200400600480101
"Azuay";1;62;4;6;50;1;1;2022;"Hombre";29;881840;"Area rural";"Cuenca";"Ricaurte";101620040060050;10162004006005001;1016200400600500101
"Azuay";1;62;4;6;74;1;1;2014;"Mujer";36;881840;"Area rural";"Cuenca";"Ricaurte";101620040060074;10162004006007401;1016200400600740101
"Azuay";1;62;4;6;75;1;1;2020;"Hombre";27;881840;"Area rural";"Cuenca";"Ricaurte";101620040060075;10162004006007501;1016200400600750101
"Azuay";1;62;4;6;76;1;1;2021;"Hombre";26;881840;"Area rural";"Cuenca";"Ricaurte";101620040060076;10162004006007601;1016200400600760101
"Azuay";1;62;4;6;78;1;1;2020;"Hombre";30;881840;"Area rural";"Cuenca";"Ricaurte";101620040060078;10162004006007801;1016200400600780101
"Azuay";1;62;4;6;81;1;1;2022;"Hombre";46;881840;"Area rural";"Cuenca";"Ricaurte";101620040060081;10162004006008101;1016200400600810101
"Azuay";1;62;4;6;82;1;1;2021;"Hombre";42;881840;"Area rural";"Cuenca";"Ricaurte";101620040060082;10162004006008201;1016200400600820101
"Azuay";1;62;4;6;90;1;1;2022;"Hombre";30;881840;"Area rural";"Cuenca";"Ricaurte";101620040060090;10162004006009001;1016200400600900101
"Azuay";1;62;4;6;91;1;1;2016;"Mujer";28;881840;"Area rural";"Cuenca";"Ricaurte";101620040060091;10162004006009101;1016200400600910101
"Azuay";1;62;4;6;122;1;1;2021;"Mujer";35;881840;"Area rural";"Cuenca";"Ricaurte";101620040060122;10162004006012201;1016200400601220101
"Azuay";1;62;4;6;139;1;1;2021;"Hombre";26;881840;"Area rural";"Cuenca";"Ricaurte";101620040060139;10162004006013901;1016200400601390101
"Azuay";1;62;4;7;1;1;1;2021;"Mujer";27;881840;"Area rural";"Cuenca";"Ricaurte";101620040070001;10162004007000101;1016200400700010101
"Azuay";1;62;4;7;16;1;1;2019;"Hombre";33;881840;"Area rural";"Cuenca";"Ricaurte";101620040070016;10162004007001601;1016200400700160101
"Azuay";1;62;4;7;32;1;1;2017;"Hombre";30;881840;"Area rural";"Cuenca";"Ricaurte";101620040070032;10162004007003201;1016200400700320101
"Azuay";1;62;4;7;38;1;1;2021;"Hombre";23;881840;"Area rural";"Cuenca";"Ricaurte";101620040070038;10162004007003801;1016200400700380101
"Azuay";1;62;4;7;43;1;1;2017;"Hombre";15;881840;"Area rural";"Cuenca";"Ricaurte";101620040070043;10162004007004301;1016200400700430101
"Azuay";1;62;4;7;48;1;1;2018;"Hombre";38;881840;"Area rural";"Cuenca";"Ricaurte";101620040070048;10162004007004801;1016200400700480101
"Azuay";1;62;4;7;49;1;1;2017;"Mujer";35;881840;"Area rural";"Cuenca";"Ricaurte";101620040070049;10162004007004901;1016200400700490101
"Azuay";1;62;4;7;96;1;1;2021;"Hombre";999;881840;"Area rural";"Cuenca";"Ricaurte";101620040070096;10162004007009601;1016200400700960101
"Azuay";1;62;4;7;105;1;1;2022;"Mujer";30;881840;"Area rural";"Cuenca";"Ricaurte";101620040070105;10162004007010501;1016200400701050101
"Azuay";1;62;4;7;113;1;1;2019;"Hombre";30;881840;"Area rural";"Cuenca";"Ricaurte";101620040070113;10162004007011301;1016200400701130101
"Azuay";1;62;5;1;32;1;1;2022;"Mujer";44;881840;"Area rural";"Cuenca";"Ricaurte";101620050010032;10162005001003201;1016200500100320101
"Azuay";1;62;5;1;41;1;1;2021;"Mujer";38;881840;"Area rural";"Cuenca";"Ricaurte";101620050010041;10162005001004101;1016200500100410101
"Azuay";1;62;5;1;63;1;1;2022;"Hombre";28;881840;"Area rural";"Cuenca";"Ricaurte";101620050010063;10162005001006301;1016200500100630101
"Azuay";1;62;5;1;101;1;1;2020;"Mujer";26;881840;"Area rural";"Cuenca";"Ricaurte";101620050010101;10162005001010101;1016200500101010101
"Azuay";1;62;5;1;139;1;1;2021;"Mujer";16;881840;"Area rural";"Cuenca";"Ricaurte";101620050010139;10162005001013901;1016200500101390101
"Azuay";1;62;5;1;175;1;1;2020;"Mujer";53;881840;"Area rural";"Cuenca";"Ricaurte";101620050010175;10162005001017501;1016200500101750101
"Azuay";1;62;5;1;177;1;1;2010;"Hombre";25;881840;"Area rural";"Cuenca";"Ricaurte";101620050010177;10162005001017701;1016200500101770101
"Azuay";1;62;5;2;32;1;1;2021;"Hombre";31;881840;"Area rural";"Cuenca";"Ricaurte";101620050020032;10162005002003201;1016200500200320101
"Azuay";1;62;5;2;42;1;1;2020;"Mujer";28;881840;"Area rural";"Cuenca";"Ricaurte";101620050020042;10162005002004201;1016200500200420101
"Azuay";1;62;5;2;53;1;1;2020;"Hombre";44;881840;"Area rural";"Cuenca";"Ricaurte";101620050020053;10162005002005301;1016200500200530101
"Azuay";1;62;5;2;54;1;1;2018;"Mujer";20;881840;"Area rural";"Cuenca";"Ricaurte";101620050020054;10162005002005401;1016200500200540101
"Azuay";1;62;5;2;65;1;1;2021;"Hombre";34;881840;"Area rural";"Cuenca";"Ricaurte";101620050020065;10162005002006501;1016200500200650101
"Azuay";1;62;5;2;88;1;1;2022;"Mujer";87;881840;"Area rural";"Cuenca";"Ricaurte";101620050020088;10162005002008801;1016200500200880101
"Azuay";1;62;5;2;110;1;1;2020;"Mujer";18;881840;"Area rural";"Cuenca";"Ricaurte";101620050020110;10162005002011001;1016200500201100101
"Azuay";1;62;5;2;112;1;1;2014;"Hombre";19;881840;"Area rural";"Cuenca";"Ricaurte";101620050020112;10162005002011201;1016200500201120101
"Azuay";1;62;5;2;122;1;1;2014;"Mujer";35;881840;"Area rural";"Cuenca";"Ricaurte";101620050020122;10162005002012201;1016200500201220101
"Azuay";1;62;5;3;15;1;1;2018;"Hombre";31;881840;"Area rural";"Cuenca";"Ricaurte";101620050030015;10162005003001501;1016200500300150101
"Azuay";1;62;5;3;18;1;1;2021;"Mujer";32;881840;"Area rural";"Cuenca";"Ricaurte";101620050030018;10162005003001801;1016200500300180101
"Azuay";1;62;5;4;23;1;1;2022;"Mujer";999;881840;"Area rural";"Cuenca";"Ricaurte";101620050040023;10162005004002301;1016200500400230101
"Azuay";1;62;5;4;44;1;1;2013;"Mujer";21;881840;"Area rural";"Cuenca";"Ricaurte";101620050040044;10162005004004401;1016200500400440101
"Azuay";1;62;5;4;145;1;1;2020;"Hombre";23;881840;"Area rural";"Cuenca";"Ricaurte";101620050040145;10162005004014501;1016200500401450101
"Azuay";1;62;5;5;5;1;1;2015;"Hombre";49;881840;"Area rural";"Cuenca";"Ricaurte";101620050050005;10162005005000501;1016200500500050101
"Azuay";1;62;5;5;67;1;1;2017;"Mujer";21;881840;"Area rural";"Cuenca";"Ricaurte";101620050050067;10162005005006701;1016200500500670101
"Azuay";1;62;5;5;102;1;1;2022;"Hombre";31;881840;"Area rural";"Cuenca";"Ricaurte";101620050050102;10162005005010201;1016200500501020101
"Azuay";1;62;5;6;19;1;1;2015;"Mujer";36;881840;"Area rural";"Cuenca";"Ricaurte";101620050060019;10162005006001901;1016200500600190101
"Azuay";1;62;5;6;108;1;1;2020;"Hombre";27;881840;"Area rural";"Cuenca";"Ricaurte";101620050060108;10162005006010801;1016200500601080101
"Azuay";1;62;5;6;118;1;1;2015;"Hombre";28;881840;"Area rural";"Cuenca";"Ricaurte";101620050060118;10162005006011801;1016200500601180101
"Azuay";1;62;5;6;142;1;1;2021;"Mujer";29;881840;"Area rural";"Cuenca";"Ricaurte";101620050060142;10162005006014201;1016200500601420101
"Azuay";1;62;5;7;1;1;1;2019;"Mujer";19;881840;"Area rural";"Cuenca";"Ricaurte";101620050070001;10162005007000101;1016200500700010101
"Azuay";1;62;5;7;83;1;1;2017;"Hombre";37;881840;"Area rural";"Cuenca";"Ricaurte";101620050070083;10162005007008301;1016200500700830101
"Azuay";1;62;5;7;108;1;1;2022;"Mujer";42;881840;"Area rural";"Cuenca";"Ricaurte";101620050070108;10162005007010801;1016200500701080101
"Azuay";1;62;5;7;182;1;1;2021;"Hombre";29;881840;"Area rural";"Cuenca";"Ricaurte";101620050070182;10162005007018201;1016200500701820101
"Azuay";1;62;5;7;187;1;1;2018;"Hombre";23;881840;"Area rural";"Cuenca";"Ricaurte";101620050070187;10162005007018701;1016200500701870101
"Azuay";1;62;999;2;30;2;1;2021;"Hombre";35;881840;"Area rural";"Cuenca";"Ricaurte";101629990020030;10162999002003002;1016299900200300201
"Azuay";1;62;999;5;35;4;1;2021;"Hombre";25;881840;"Area rural";"Cuenca";"Ricaurte";101629990050035;10162999005003504;1016299900500350401
"Azuay";1;62;999;15;4;3;1;2021;"Hombre";31;881840;"Area rural";"Cuenca";"Ricaurte";101629990150004;10162999015000403;1016299901500040301
"Azuay";1;62;999;18;34;2;1;2021;"Hombre";38;881840;"Area rural";"Cuenca";"Ricaurte";101629990180034;10162999018003402;1016299901800340201
"Azuay";1;62;999;38;30;2;1;2022;"Hombre";20;881840;"Area rural";"Cuenca";"Ricaurte";101629990380030;10162999038003002;1016299903800300201
"Azuay";1;62;999;38;30;2;2;2022;"Mujer";19;881840;"Area rural";"Cuenca";"Ricaurte";101629990380030;10162999038003002;1016299903800300202
"Azuay";1;62;999;38;30;2;3;2022;"Mujer";2;881840;"Area rural";"Cuenca";"Ricaurte";101629990380030;10162999038003002;1016299903800300203
"Azuay";1;62;1;1;30;1;3;2021;"Mujer";15;881840;"Area rural";"Cuenca";"Ricaurte";101620010010030;10162001001003001;1016200100100300103
"Azuay";1;62;1;2;26;1;3;2022;"Mujer";28;881840;"Area rural";"Cuenca";"Ricaurte";101620010020026;10162001002002601;1016200100200260103
"Azuay";1;62;1;3;110;1;3;2016;"Hombre";31;881840;"Area rural";"Cuenca";"Ricaurte";101620010030110;10162001003011001;1016200100301100103
"Azuay";1;62;1;6;150;1;3;2022;"Mujer";7;881840;"Area rural";"Cuenca";"Ricaurte";101620010060150;10162001006015001;1016200100601500103
"Azuay";1;62;1;6;150;1;4;2022;"Hombre";2;881840;"Area rural";"Cuenca";"Ricaurte";101620010060150;10162001006015001;1016200100601500104
"Azuay";1;62;2;2;61;1;3;2021;"Hombre";10;881840;"Area rural";"Cuenca";"Ricaurte";101620020020061;10162002002006101;1016200200200610103
"Azuay";1;62;2;5;42;1;3;2021;"Mujer";19;881840;"Area rural";"Cuenca";"Ricaurte";101620020050042;10162002005004201;1016200200500420103
"Azuay";1;62;2;5;42;1;4;2021;"Hombre";16;881840;"Area rural";"Cuenca";"Ricaurte";101620020050042;10162002005004201;1016200200500420104
"Azuay";1;62;2;7;141;1;3;2021;"Mujer";10;881840;"Area rural";"Cuenca";"Ricaurte";101620020070141;10162002007014101;1016200200701410103
"Azuay";1;62;3;1;119;1;3;2021;"Mujer";15;881840;"Area rural";"Cuenca";"Ricaurte";101620030010119;10162003001011901;1016200300101190103
"Azuay";1;62;3;7;83;1;3;2021;"Mujer";15;881840;"Area rural";"Cuenca";"Ricaurte";101620030070083;10162003007008301;1016200300700830103
"Azuay";1;62;3;7;83;1;4;2021;"Hombre";6;881840;"Area rural";"Cuenca";"Ricaurte";101620030070083;10162003007008301;1016200300700830104
"Azuay";1;62;3;7;83;1;5;2021;"Hombre";3;881840;"Area rural";"Cuenca";"Ricaurte";101620030070083;10162003007008301;1016200300700830105
"Azuay";1;62;4;1;8;1;3;2021;"Mujer";3;881840;"Area rural";"Cuenca";"Ricaurte";101620040010008;10162004001000801;1016200400100080103
"Azuay";1;62;4;3;2;1;3;2021;"Mujer";27;881840;"Area rural";"Cuenca";"Ricaurte";101620040030002;10162004003000201;1016200400300020103
"Azuay";1;62;4;4;6;1;3;2010;"Mujer";16;881840;"Area rural";"Cuenca";"Ricaurte";101620040040006;10162004004000601;1016200400400060103
"Azuay";1;62;4;4;6;1;4;2014;"Mujer";25;881840;"Area rural";"Cuenca";"Ricaurte";101620040040006;10162004004000601;1016200400400060104
"Azuay";1;62;4;4;6;1;5;2014;"Hombre";27;881840;"Area rural";"Cuenca";"Ricaurte";101620040040006;10162004004000601;1016200400400060105
"Azuay";1;62;4;4;6;1;6;2014;"Hombre";8;881840;"Area rural";"Cuenca";"Ricaurte";101620040040006;10162004004000601;1016200400400060106
"Azuay";1;62;4;4;39;1;3;2021;"Hombre";9;881840;"Area rural";"Cuenca";"Ricaurte";101620040040039;10162004004003901;1016200400400390103
"Azuay";1;62;4;4;39;1;4;2021;"Hombre";4;881840;"Area rural";"Cuenca";"Ricaurte";101620040040039;10162004004003901;1016200400400390104
"Azuay";1;62;4;5;264;1;3;2019;"Mujer";7;881840;"Area rural";"Cuenca";"Ricaurte";101620040050264;10162004005026401;1016200400502640103
"Azuay";1;62;4;6;74;1;3;2014;"Hombre";999;881840;"Area rural";"Cuenca";"Ricaurte";101620040060074;10162004006007401;1016200400600740103
"Azuay";1;62;4;6;74;1;4;2014;"Mujer";999;881840;"Area rural";"Cuenca";"Ricaurte";101620040060074;10162004006007401;1016200400600740104
"Azuay";1;62;4;6;122;1;3;2021;"Mujer";26;881840;"Area rural";"Cuenca";"Ricaurte";101620040060122;10162004006012201;1016200400601220103
"Azuay";1;62;4;7;113;1;3;2019;"Hombre";34;881840;"Area rural";"Cuenca";"Ricaurte";101620040070113;10162004007011301;1016200400701130103
"Azuay";1;62;4;7;113;1;4;2022;"Mujer";29;881840;"Area rural";"Cuenca";"Ricaurte";101620040070113;10162004007011301;1016200400701130104
"Azuay";1;62;5;1;139;1;3;2021;"Hombre";21;881840;"Area rural";"Cuenca";"Ricaurte";101620050010139;10162005001013901;1016200500101390103
"Azuay";1;62;5;2;54;1;3;2021;"Mujer";26;881840;"Area rural";"Cuenca";"Ricaurte";101620050020054;10162005002005401;1016200500200540103
"Azuay";1;62;5;2;54;1;4;2021;"Hombre";26;881840;"Area rural";"Cuenca";"Ricaurte";101620050020054;10162005002005401;1016200500200540104
"Azuay";1;62;5;2;118;1;3;2020;"Mujer";36;881840;"Area rural";"Cuenca";"Ricaurte";101620050020118;10162005002011801;1016200500201180103
"Azuay";1;62;5;7;1;1;3;2019;"Hombre";16;881840;"Area rural";"Cuenca";"Ricaurte";101620050070001;10162005007000101;1016200500700010103
"Azuay";1;62;5;7;1;1;4;2022;"Mujer";50;881840;"Area rural";"Cuenca";"Ricaurte";101620050070001;10162005007000101;1016200500700010104
"Azuay";1;62;999;1;8;1;3;2022;"Hombre";26;881840;"Area rural";"Cuenca";"Ricaurte";101629990010008;10162999001000801;1016299900100080103
"Azuay";1;62;999;1;17;1;3;2022;"Hombre";22;881840;"Area rural";"Cuenca";"Ricaurte";101629990010017;10162999001001701;1016299900100170103
"Azuay";1;62;999;7;6;1;3;2021;"Hombre";22;881840;"Area rural";"Cuenca";"Ricaurte";101629990070006;10162999007000601;1016299900700060103
"Azuay";1;62;999;7;40;1;3;2019;"Hombre";17;881840;"Area rural";"Cuenca";"Ricaurte";101629990070040;10162999007004001;1016299900700400103
"Azuay";1;62;999;7;46;1;3;2022;"Hombre";4;881840;"Area rural";"Cuenca";"Ricaurte";101629990070046;10162999007004601;1016299900700460103
"Azuay";1;62;999;15;46;1;3;2021;"Mujer";8;881840;"Area rural";"Cuenca";"Ricaurte";101629990150046;10162999015004601;1016299901500460103
"Azuay";1;62;999;17;1;1;3;2022;"Hombre";11;881840;"Area rural";"Cuenca";"Ricaurte";101629990170001;10162999017000101;1016299901700010103
"Azuay";1;62;999;19;49;1;3;2021;"Hombre";26;881840;"Area rural";"Cuenca";"Ricaurte";101629990190049;10162999019004901;1016299901900490103
"Azuay";1;62;999;19;57;1;3;2020;"Mujer";28;881840;"Area rural";"Cuenca";"Ricaurte";101629990190057;10162999019005701;1016299901900570103
"Azuay";1;62;999;19;57;1;4;2021;"Hombre";30;881840;"Area rural";"Cuenca";"Ricaurte";101629990190057;10162999019005701;1016299901900570104
"Azuay";1;62;999;19;57;1;5;2021;"Hombre";25;881840;"Area rural";"Cuenca";"Ricaurte";101629990190057;10162999019005701;1016299901900570105
"Azuay";1;62;999;23;6;1;3;2018;"Mujer";20;881840;"Area rural";"Cuenca";"Ricaurte";101629990230006;10162999023000601;1016299902300060103
"Azuay";1;62;999;23;6;1;4;2020;"Mujer";26;881840;"Area rural";"Cuenca";"Ricaurte";101629990230006;10162999023000601;1016299902300060104
"Azuay";1;62;999;23;46;1;3;2021;"Mujer";7;881840;"Area rural";"Cuenca";"Ricaurte";101629990230046;10162999023004601;1016299902300460103
"Azuay";1;62;999;23;46;1;4;2021;"Mujer";6;881840;"Area rural";"Cuenca";"Ricaurte";101629990230046;10162999023004601;1016299902300460104
"Azuay";1;62;999;24;55;1;3;2020;"Mujer";8;881840;"Area rural";"Cuenca";"Ricaurte";101629990240055;10162999024005501;1016299902400550103
"Azuay";1;62;999;24;55;1;4;2020;"Hombre";5;881840;"Area rural";"Cuenca";"Ricaurte";101629990240055;10162999024005501;1016299902400550104
"Azuay";1;62;999;26;18;1;3;2021;"Hombre";39;881840;"Area rural";"Cuenca";"Ricaurte";101629990260018;10162999026001801;1016299902600180103
"Azuay";1;62;999;27;64;1;3;2017;"Mujer";25;881840;"Area rural";"Cuenca";"Ricaurte";101629990270064;10162999027006401;1016299902700640103
"Azuay";1;62;999;33;1;1;3;2021;"Hombre";5;881840;"Area rural";"Cuenca";"Ricaurte";101629990330001;10162999033000101;1016299903300010103
"Azuay";1;62;999;34;96;1;3;2021;"Hombre";26;881840;"Area rural";"Cuenca";"Ricaurte";101629990340096;10162999034009601;1016299903400960103
"Azuay";1;62;999;37;88;1;3;2021;"Mujer";9;881840;"Area rural";"Cuenca";"Ricaurte";101629990370088;10162999037008801;1016299903700880103
"Azuay";1;62;999;39;80;1;3;2018;"Mujer";18;881840;"Area rural";"Cuenca";"Ricaurte";101629990390080;10162999039008001;1016299903900800103
"Azuay";1;62;999;39;80;1;4;2018;"Hombre";36;881840;"Area rural";"Cuenca";"Ricaurte";101629990390080;10162999039008001;1016299903900800104
"Azuay";1;62;999;39;80;1;5;2018;"Hombre";7;881840;"Area rural";"Cuenca";"Ricaurte";101629990390080;10162999039008001;1016299903900800105
"Azuay";1;62;999;39;80;1;6;2018;"Hombre";4;881840;"Area rural";"Cuenca";"Ricaurte";101629990390080;10162999039008001;1016299903900800106
"Azuay";1;62;999;40;65;1;3;2015;"Hombre";0;881840;"Area rural";"Cuenca";"Ricaurte";101629990400065;10162999040006501;1016299904000650103
"Azuay";1;62;999;40;65;1;4;2015;"Mujer";12;881840;"Area rural";"Cuenca";"Ricaurte";101629990400065;10162999040006501;1016299904000650104
"Azuay";1;62;999;41;16;1;3;2020;"Hombre";19;881840;"Area rural";"Cuenca";"Ricaurte";101629990410016;10162999041001601;1016299904100160103
"Azuay";1;62;999;42;77;1;3;2020;"Hombre";41;881840;"Area rural";"Cuenca";"Ricaurte";101629990420077;10162999042007701;1016299904200770103
"Azuay";1;62;999;42;77;1;4;2020;"Hombre";11;881840;"Area rural";"Cuenca";"Ricaurte";101629990420077;10162999042007701;1016299904200770104
"Azuay";1;62;999;42;77;1;5;2020;"Hombre";16;881840;"Area rural";"Cuenca";"Ricaurte";101629990420077;10162999042007701;1016299904200770105
"Azuay";1;62;999;42;77;1;6;2020;"Mujer";18;881840;"Area rural";"Cuenca";"Ricaurte";101629990420077;10162999042007701;1016299904200770106
"Azuay";1;62;999;44;31;1;3;2022;"Mujer";24;881840;"Area rural";"Cuenca";"Ricaurte";101629990440031;10162999044003101;1016299904400310103
"Azuay";1;62;999;48;10;1;3;2021;"Mujer";42;881840;"Area rural";"Cuenca";"Ricaurte";101629990480010;10162999048001001;1016299904800100103
"Azuay";1;62;999;48;13;1;3;2022;"Mujer";33;881840;"Area rural";"Cuenca";"Ricaurte";101629990480013;10162999048001301;1016299904800130103
"Azuay";1;62;999;51;36;1;3;2021;"Hombre";7;881840;"Area rural";"Cuenca";"Ricaurte";101629990510036;10162999051003601;1016299905100360103
"Azuay";1;62;999;51;78;1;3;2022;"Hombre";5;881840;"Area rural";"Cuenca";"Ricaurte";101629990510078;10162999051007801;1016299905100780103
"Azuay";1;62;1;1;30;1;2;2021;"Hombre";18;881840;"Area rural";"Cuenca";"Ricaurte";101620010010030;10162001001003001;1016200100100300102
"Azuay";1;62;1;2;26;1;2;2015;"Hombre";28;881840;"Area rural";"Cuenca";"Ricaurte";101620010020026;10162001002002601;1016200100200260102
"Azuay";1;62;1;3;91;1;2;2022;"Hombre";18;881840;"Area rural";"Cuenca";"Ricaurte";101620010030091;10162001003009101;1016200100300910102
"Azuay";1;62;1;3;110;1;2;2015;"Hombre";13;881840;"Area rural";"Cuenca";"Ricaurte";101620010030110;10162001003011001;1016200100301100102
"Azuay";1;62;1;5;6;1;2;2016;"Hombre";31;881840;"Area rural";"Cuenca";"Ricaurte";101620010050006;10162001005000601;1016200100500060102
"Azuay";1;62;1;6;150;1;2;2022;"Mujer";24;881840;"Area rural";"Cuenca";"Ricaurte";101620010060150;10162001006015001;1016200100601500102
"Azuay";1;62;2;1;5;1;2;2020;"Mujer";27;881840;"Area rural";"Cuenca";"Ricaurte";101620020010005;10162002001000501;1016200200100050102
"Azuay";1;62;2;2;61;1;2;2021;"Mujer";9;881840;"Area rural";"Cuenca";"Ricaurte";101620020020061;10162002002006101;1016200200200610102
"Azuay";1;62;2;4;31;1;2;2022;"Mujer";18;881840;"Area rural";"Cuenca";"Ricaurte";101620020040031;10162002004003101;1016200200400310102
"Azuay";1;62;2;5;42;1;2;2021;"Mujer";54;881840;"Area rural";"Cuenca";"Ricaurte";101620020050042;10162002005004201;1016200200500420102
"Azuay";1;62;2;5;59;1;2;2021;"Mujer";39;881840;"Area rural";"Cuenca";"Ricaurte";101620020050059;10162002005005901;1016200200500590102
"Azuay";1;62;2;5;77;1;2;2022;"Mujer";9;881840;"Area rural";"Cuenca";"Ricaurte";101620020050077;10162002005007701;1016200200500770102
"Azuay";1;62;2;6;72;1;2;2021;"Hombre";32;881840;"Area rural";"Cuenca";"Ricaurte";101620020060072;10162002006007201;1016200200600720102
"Azuay";1;62;2;7;141;1;2;2021;"Mujer";40;881840;"Area rural";"Cuenca";"Ricaurte";101620020070141;10162002007014101;1016200200701410102
"Azuay";1;62;2;8;84;1;2;2021;"Mujer";999;881840;"Area rural";"Cuenca";"Ricaurte";101620020080084;10162002008008401;1016200200800840102
"Azuay";1;62;3;1;17;1;2;2021;"Mujer";42;881840;"Area rural";"Cuenca";"Ricaurte";101620030010017;10162003001001701;1016200300100170102
"Azuay";1;62;3;1;41;1;2;2021;"Mujer";27;881840;"Area rural";"Cuenca";"Ricaurte";101620030010041;10162003001004101;1016200300100410102
"Azuay";1;62;3;1;95;1;2;2022;"Mujer";25;881840;"Area rural";"Cuenca";"Ricaurte";101620030010095;10162003001009501;1016200300100950102
"Azuay";1;62;3;1;119;1;2;2021;"Mujer";50;881840;"Area rural";"Cuenca";"Ricaurte";101620030010119;10162003001011901;1016200300101190102
"Azuay";1;62;3;2;78;1;2;2020;"Mujer";25;881840;"Area rural";"Cuenca";"Ricaurte";101620030020078;10162003002007801;1016200300200780102
"Azuay";1;62;3;3;84;1;2;2012;"Mujer";50;881840;"Area rural";"Cuenca";"Ricaurte";101620030030084;10162003003008401;1016200300300840102
"Azuay";1;62;3;7;83;1;2;2021;"Mujer";37;881840;"Area rural";"Cuenca";"Ricaurte";101620030070083;10162003007008301;1016200300700830102
"Azuay";1;62;3;8;59;1;2;2022;"Mujer";35;881840;"Area rural";"Cuenca";"Ricaurte";101620030080059;10162003008005901;1016200300800590102
"Azuay";1;62;3;8;88;1;2;2019;"Hombre";18;881840;"Area rural";"Cuenca";"Ricaurte";101620030080088;10162003008008801;1016200300800880102
"Azuay";1;62;4;1;8;1;2;2021;"Mujer";20;881840;"Area rural";"Cuenca";"Ricaurte";101620040010008;10162004001000801;1016200400100080102
"Azuay";1;62;4;3;2;1;2;2021;"Hombre";22;881840;"Area rural";"Cuenca";"Ricaurte";101620040030002;10162004003000201;1016200400300020102
"Azuay";1;62;4;4;6;1;2;2010;"Mujer";49;881840;"Area rural";"Cuenca";"Ricaurte";101620040040006;10162004004000601;1016200400400060102
"Azuay";1;62;4;4;26;1;2;2022;"Mujer";22;881840;"Area rural";"Cuenca";"Ricaurte";101620040040026;10162004004002601;1016200400400260102
"Azuay";1;62;4;4;39;1;2;2021;"Mujer";32;881840;"Area rural";"Cuenca";"Ricaurte";101620040040039;10162004004003901;1016200400400390102
"Azuay";1;62;4;5;264;1;2;2019;"Mujer";11;881840;"Area rural";"Cuenca";"Ricaurte";101620040050264;10162004005026401;1016200400502640102
"Azuay";1;62;4;6;74;1;2;2014;"Hombre";36;881840;"Area rural";"Cuenca";"Ricaurte";101620040060074;10162004006007401;1016200400600740102
"Azuay";1;62;4;6;82;1;2;2022;"Hombre";20;881840;"Area rural";"Cuenca";"Ricaurte";101620040060082;10162004006008201;1016200400600820102
"Azuay";1;62;4;6;122;1;2;2021;"Hombre";33;881840;"Area rural";"Cuenca";"Ricaurte";101620040060122;10162004006012201;1016200400601220102
"Azuay";1;62;4;6;139;1;2;2021;"Hombre";6;881840;"Area rural";"Cuenca";"Ricaurte";101620040060139;10162004006013901;1016200400601390102
"Azuay";1;62;4;7;49;1;2;2020;"Mujer";27;881840;"Area rural";"Cuenca";"Ricaurte";101620040070049;10162004007004901;1016200400700490102
"Azuay";1;62;4;7;105;1;2;2022;"Hombre";9;881840;"Area rural";"Cuenca";"Ricaurte";101620040070105;10162004007010501;1016200400701050102
"Azuay";1;62;4;7;113;1;2;2019;"Mujer";30;881840;"Area rural";"Cuenca";"Ricaurte";101620040070113;10162004007011301;1016200400701130102
"Azuay";1;62;5;1;139;1;2;2021;"Mujer";18;881840;"Area rural";"Cuenca";"Ricaurte";101620050010139;10162005001013901;1016200500101390102
"Azuay";1;62;5;2;54;1;2;2020;"Mujer";28;881840;"Area rural";"Cuenca";"Ricaurte";101620050020054;10162005002005401;1016200500200540102
"Azuay";1;62;5;2;88;1;2;2022;"Mujer";71;881840;"Area rural";"Cuenca";"Ricaurte";101620050020088;10162005002008801;1016200500200880102
"Azuay";1;62;5;2;112;1;2;2014;"Hombre";18;881840;"Area rural";"Cuenca";"Ricaurte";101620050020112;10162005002011201;1016200500201120102
"Azuay";1;62;5;2;118;1;2;2018;"Hombre";35;881840;"Area rural";"Cuenca";"Ricaurte";101620050020118;10162005002011801;1016200500201180102
"Azuay";1;62;5;4;23;1;2;2022;"Hombre";999;881840;"Area rural";"Cuenca";"Ricaurte";101620050040023;10162005004002301;1016200500400230102
"Azuay";1;62;5;6;142;1;2;2021;"Hombre";24;881840;"Area rural";"Cuenca";"Ricaurte";101620050060142;10162005006014201;1016200500601420102
"Azuay";1;62;5;7;1;1;2;2020;"Mujer";17;881840;"Area rural";"Cuenca";"Ricaurte";101620050070001;10162005007000101;1016200500700010102
"Azuay";1;62;999;1;8;1;2;2021;"Mujer";22;881840;"Area rural";"Cuenca";"Ricaurte";101629990010008;10162999001000801;1016299900100080102
"Azuay";1;62;999;1;17;1;2;2021;"Hombre";28;881840;"Area rural";"Cuenca";"Ricaurte";101629990010017;10162999001001701;1016299900100170102
"Azuay";1;62;999;3;11;1;2;2022;"Hombre";18;881840;"Area rural";"Cuenca";"Ricaurte";101629990030011;10162999003001101;1016299900300110102
"Azuay";1;62;999;4;49;1;2;2018;"Mujer";29;881840;"Area rural";"Cuenca";"Ricaurte";101629990040049;10162999004004901;1016299900400490102
"Azuay";1;62;999;6;65;1;2;2019;"Hombre";29;881840;"Area rural";"Cuenca";"Ricaurte";101629990060065;10162999006006501;1016299900600650102
"Azuay";1;62;999;6;89;1;2;2022;"Mujer";6;881840;"Area rural";"Cuenca";"Ricaurte";101629990060089;10162999006008901;1016299900600890102
"Azuay";1;62;999;7;6;1;2;2021;"Hombre";23;881840;"Area rural";"Cuenca";"Ricaurte";101629990070006;10162999007000601;1016299900700060102
"Azuay";1;62;999;7;40;1;2;2019;"Hombre";20;881840;"Area rural";"Cuenca";"Ricaurte";101629990070040;10162999007004001;1016299900700400102
"Azuay";1;62;999;7;46;1;2;2022;"Mujer";20;881840;"Area rural";"Cuenca";"Ricaurte";101629990070046;10162999007004601;1016299900700460102
"Azuay";1;62;999;9;20;1;2;2020;"Hombre";28;881840;"Area rural";"Cuenca";"Ricaurte";101629990090020;10162999009002001;1016299900900200102
"Azuay";1;62;999;10;91;1;2;2019;"Hombre";22;881840;"Area rural";"Cuenca";"Ricaurte";101629990100091;10162999010009101;1016299901000910102
"Azuay";1;62;999;13;19;1;2;9999;"Hombre";999;881840;"Area rural";"Cuenca";"Ricaurte";101629990130019;10162999013001901;1016299901300190102
"Azuay";1;62;999;14;20;1;2;2021;"Hombre";5;881840;"Area rural";"Cuenca";"Ricaurte";101629990140020;10162999014002001;1016299901400200102
"Azuay";1;62;999;15;38;1;2;2016;"Mujer";25;881840;"Area rural";"Cuenca";"Ricaurte";101629990150038;10162999015003801;1016299901500380102
"Azuay";1;62;999;15;46;1;2;2021;"Mujer";39;881840;"Area rural";"Cuenca";"Ricaurte";101629990150046;10162999015004601;1016299901500460102
"Azuay";1;62;999;16;29;1;2;2017;"Hombre";999;881840;"Area rural";"Cuenca";"Ricaurte";101629990160029;10162999016002901;1016299901600290102
"Azuay";1;62;999;16;41;1;2;2021;"Mujer";24;881840;"Area rural";"Cuenca";"Ricaurte";101629990160041;10162999016004101;1016299901600410102
"Azuay";1;62;999;16;42;1;2;9999;"Hombre";19;881840;"Area rural";"Cuenca";"Ricaurte";101629990160042;10162999016004201;1016299901600420102
"Azuay";1;62;999;16;52;1;2;2018;"Hombre";30;881840;"Area rural";"Cuenca";"Ricaurte";101629990160052;10162999016005201;1016299901600520102
"Azuay";1;62;999;17;1;1;2;2022;"Hombre";15;881840;"Area rural";"Cuenca";"Ricaurte";101629990170001;10162999017000101;1016299901700010102
"Azuay";1;62;999;17;33;1;2;2022;"Mujer";30;881840;"Area rural";"Cuenca";"Ricaurte";101629990170033;10162999017003301;1016299901700330102
"Azuay";1;62;999;17;74;1;2;2022;"Hombre";21;881840;"Area rural";"Cuenca";"Ricaurte";101629990170074;10162999017007401;1016299901700740102
"Azuay";1;62;999;17;76;1;2;2021;"Mujer";30;881840;"Area rural";"Cuenca";"Ricaurte";101629990170076;10162999017007601;1016299901700760102
"Azuay";1;62;999;18;30;1;2;2020;"Hombre";18;881840;"Area rural";"Cuenca";"Ricaurte";101629990180030;10162999018003001;1016299901800300102
"Azuay";1;62;999;18;40;1;2;2021;"Mujer";19;881840;"Area rural";"Cuenca";"Ricaurte";101629990180040;10162999018004001;1016299901800400102
"Azuay";1;62;999;18;49;1;2;2022;"Hombre";38;881840;"Area rural";"Cuenca";"Ricaurte";101629990180049;10162999018004901;1016299901800490102
"Azuay";1;62;999;18;50;1;2;2021;"Mujer";49;881840;"Area rural";"Cuenca";"Ricaurte";101629990180050;10162999018005001;1016299901800500102
"Azuay";1;62;999;19;49;1;2;2021;"Hombre";32;881840;"Area rural";"Cuenca";"Ricaurte";101629990190049;10162999019004901;1016299901900490102
"Azuay";1;62;999;19;57;1;2;2020;"Hombre";999;881840;"Area rural";"Cuenca";"Ricaurte";101629990190057;10162999019005701;1016299901900570102
"Azuay";1;62;999;19;61;1;2;2021;"Mujer";999;881840;"Area rural";"Cuenca";"Ricaurte";101629990190061;10162999019006101;1016299901900610102
"Azuay";1;62;999;20;11;1;2;2022;"Hombre";35;881840;"Area rural";"Cuenca";"Ricaurte";101629990200011;10162999020001101;1016299902000110102
"Azuay";1;62;999;20;50;1;2;2022;"Hombre";35;881840;"Area rural";"Cuenca";"Ricaurte";101629990200050;10162999020005001;1016299902000500102
"Azuay";1;62;999;21;71;1;2;2021;"Hombre";23;881840;"Area rural";"Cuenca";"Ricaurte";101629990210071;10162999021007101;1016299902100710102
"Azuay";1;62;999;22;65;1;2;2021;"Mujer";18;881840;"Area rural";"Cuenca";"Ricaurte";101629990220065;10162999022006501;1016299902200650102
"Azuay";1;62;999;23;6;1;2;2017;"Mujer";22;881840;"Area rural";"Cuenca";"Ricaurte";101629990230006;10162999023000601;1016299902300060102
"Azuay";1;62;999;23;44;1;2;2016;"Mujer";24;881840;"Area rural";"Cuenca";"Ricaurte";101629990230044;10162999023004401;1016299902300440102
"Azuay";1;62;999;23;46;1;2;2021;"Mujer";30;881840;"Area rural";"Cuenca";"Ricaurte";101629990230046;10162999023004601;1016299902300460102
"Azuay";1;62;999;24;55;1;2;2020;"Mujer";27;881840;"Area rural";"Cuenca";"Ricaurte";101629990240055;10162999024005501;1016299902400550102
"Azuay";1;62;999;25;8;1;2;2022;"Mujer";22;881840;"Area rural";"Cuenca";"Ricaurte";101629990250008;10162999025000801;1016299902500080102
"Azuay";1;62;999;25;14;1;2;2017;"Hombre";36;881840;"Area rural";"Cuenca";"Ricaurte";101629990250014;10162999025001401;1016299902500140102
"Azuay";1;62;999;25;29;1;2;2022;"Hombre";18;881840;"Area rural";"Cuenca";"Ricaurte";101629990250029;10162999025002901;1016299902500290102
"Azuay";1;62;999;26;7;1;2;2020;"Mujer";40;881840;"Area rural";"Cuenca";"Ricaurte";101629990260007;10162999026000701;1016299902600070102
"Azuay";1;62;999;26;18;1;2;2021;"Hombre";16;881840;"Area rural";"Cuenca";"Ricaurte";101629990260018;10162999026001801;1016299902600180102
"Azuay";1;62;999;26;34;1;2;2016;"Hombre";23;881840;"Area rural";"Cuenca";"Ricaurte";101629990260034;10162999026003401;1016299902600340102
"Azuay";1;62;999;27;64;1;2;2016;"Hombre";20;881840;"Area rural";"Cuenca";"Ricaurte";101629990270064;10162999027006401;1016299902700640102
"Azuay";1;62;999;32;4;1;2;2021;"Hombre";18;881840;"Area rural";"Cuenca";"Ricaurte";101629990320004;10162999032000401;1016299903200040102
"Azuay";1;62;999;33;1;1;2;2021;"Mujer";22;881840;"Area rural";"Cuenca";"Ricaurte";101629990330001;10162999033000101;1016299903300010102
"Azuay";1;62;999;33;44;1;2;2021;"Hombre";7;881840;"Area rural";"Cuenca";"Ricaurte";101629990330044;10162999033004401;1016299903300440102
"Azuay";1;62;999;34;38;1;2;2021;"Hombre";20;881840;"Area rural";"Cuenca";"Ricaurte";101629990340038;10162999034003801;1016299903400380102
"Azuay";1;62;999;34;67;1;2;2022;"Hombre";15;881840;"Area rural";"Cuenca";"Ricaurte";101629990340067;10162999034006701;1016299903400670102
"Azuay";1;62;999;34;96;1;2;2019;"Mujer";25;881840;"Area rural";"Cuenca";"Ricaurte";101629990340096;10162999034009601;1016299903400960102
"Azuay";1;62;999;34;106;1;2;2021;"Hombre";21;881840;"Area rural";"Cuenca";"Ricaurte";101629990340106;10162999034010601;1016299903401060102
"Azuay";1;62;999;37;88;1;2;2021;"Mujer";14;881840;"Area rural";"Cuenca";"Ricaurte";101629990370088;10162999037008801;1016299903700880102
"Azuay";1;62;999;37;98;1;2;2016;"Hombre";11;881840;"Area rural";"Cuenca";"Ricaurte";101629990370098;10162999037009801;1016299903700980102
"Azuay";1;62;999;39;80;1;2;2018;"Mujer";19;881840;"Area rural";"Cuenca";"Ricaurte";101629990390080;10162999039008001;1016299903900800102
"Azuay";1;62;999;40;31;1;2;2020;"Hombre";16;881840;"Area rural";"Cuenca";"Ricaurte";101629990400031;10162999040003101;1016299904000310102
"Azuay";1;62;999;40;65;1;2;2015;"Mujer";29;881840;"Area rural";"Cuenca";"Ricaurte";101629990400065;10162999040006501;1016299904000650102
"Azuay";1;62;999;41;16;1;2;2019;"Mujer";50;881840;"Area rural";"Cuenca";"Ricaurte";101629990410016;10162999041001601;1016299904100160102
"Azuay";1;62;999;42;77;1;2;2021;"Hombre";30;881840;"Area rural";"Cuenca";"Ricaurte";101629990420077;10162999042007701;1016299904200770102
"Azuay";1;62;999;43;38;1;2;2021;"Mujer";29;881840;"Area rural";"Cuenca";"Ricaurte";101629990430038;10162999043003801;1016299904300380102
"Azuay";1;62;999;44;31;1;2;2020;"Hombre";18;881840;"Area rural";"Cuenca";"Ricaurte";101629990440031;10162999044003101;1016299904400310102
"Azuay";1;62;999;48;10;1;2;2021;"Mujer";13;881840;"Area rural";"Cuenca";"Ricaurte";101629990480010;10162999048001001;1016299904800100102
"Azuay";1;62;999;48;13;1;2;2022;"Hombre";35;881840;"Area rural";"Cuenca";"Ricaurte";101629990480013;10162999048001301;1016299904800130102
"Azuay";1;62;999;48;22;1;2;2021;"Hombre";27;881840;"Area rural";"Cuenca";"Ricaurte";101629990480022;10162999048002201;1016299904800220102
"Azuay";1;62;999;48;35;1;2;2020;"Hombre";24;881840;"Area rural";"Cuenca";"Ricaurte";101629990480035;10162999048003501;1016299904800350102
"Azuay";1;62;999;48;65;1;2;2020;"Hombre";24;881840;"Area rural";"Cuenca";"Ricaurte";101629990480065;10162999048006501;1016299904800650102
"Azuay";1;62;999;49;86;1;2;2021;"Hombre";15;881840;"Area rural";"Cuenca";"Ricaurte";101629990490086;10162999049008601;1016299904900860102
"Azuay";1;62;999;51;36;1;2;2021;"Mujer";23;881840;"Area rural";"Cuenca";"Ricaurte";101629990510036;10162999051003601;1016299905100360102
"Azuay";1;62;999;51;78;1;2;2021;"Hombre";24;881840;"Area rural";"Cuenca";"Ricaurte";101629990510078;10162999051007801;1016299905100780102
"Azuay";1;62;999;52;72;1;2;2022;"Mujer";22;881840;"Area rural";"Cuenca";"Ricaurte";101629990520072;10162999052007201;1016299905200720102
"Azuay";1;62;1;1;30;1;1;2020;"Mujer";23;882724;"Area rural";"Cuenca";"Ricaurte";101620010010030;10162001001003001;1016200100100300101
"Azuay";1;62;1;6;79;1;1;2022;"Hombre";18;882470;"Area rural";"Cuenca";"Ricaurte";101620010060079;10162001006007901;1016200100600790101
"Azuay";1;62;1;6;116;1;1;2022;"Mujer";26;881032;"Area rural";"Cuenca";"Ricaurte";101620010060116;10162001006011601;1016200100601160101
"Azuay";1;62;1;6;148;1;1;2018;"Hombre";25;881484;"Area rural";"Cuenca";"Ricaurte";101620010060148;10162001006014801;1016200100601480101
"Azuay";1;62;1;6;148;1;2;2019;"Mujer";25;882380;"Area rural";"Cuenca";"Ricaurte";101620010060148;10162001006014801;1016200100601480102
"Azuay";1;62;1;6;149;1;1;2022;"Hombre";19;882380;"Area rural";"Cuenca";"Ricaurte";101620010060149;10162001006014901;1016200100601490101
"Azuay";1;62;1;6;149;1;2;2022;"Hombre";15;882380;"Area rural";"Cuenca";"Ricaurte";101620010060149;10162001006014901;1016200100601490102
"Azuay";1;62;2;2;46;1;1;2022;"Hombre";55;881484;"Area rural";"Cuenca";"Ricaurte";101620020020046;10162002002004601;1016200200200460101
"Azuay";1;62;2;5;34;1;1;2018;"Hombre";17;882724;"Area rural";"Cuenca";"Ricaurte";101620020050034;10162002005003401;1016200200500340101
"Azuay";1;62;2;6;43;1;1;2022;"Mujer";32;882724;"Area rural";"Cuenca";"Ricaurte";101620020060043;10162002006004301;1016200200600430101
"Azuay";1;62;2;6;57;1;1;2021;"Mujer";21;881032;"Area rural";"Cuenca";"Ricaurte";101620020060057;10162002006005701;1016200200600570101
"Azuay";1;62;2;7;86;1;1;2022;"Mujer";17;882724;"Area rural";"Cuenca";"Ricaurte";101620020070086;10162002007008601;1016200200700860101
"Azuay";1;62;2;7;87;1;1;2022;"Hombre";25;882724;"Area rural";"Cuenca";"Ricaurte";101620020070087;10162002007008701;1016200200700870101
"Azuay";1;62;2;7;147;1;1;2016;"Hombre";18;882724;"Area rural";"Cuenca";"Ricaurte";101620020070147;10162002007014701;1016200200701470101
"Azuay";1;62;2;7;147;1;2;2014;"Hombre";19;882724;"Area rural";"Cuenca";"Ricaurte";101620020070147;10162002007014701;1016200200701470102
"Azuay";1;62;3;1;51;1;1;2022;"Hombre";31;881862;"Area rural";"Cuenca";"Ricaurte";101620030010051;10162003001005101;1016200300100510101
"Azuay";1;62;3;1;51;1;2;2022;"Mujer";26;881862;"Area rural";"Cuenca";"Ricaurte";101620030010051;10162003001005101;1016200300100510102
"Azuay";1;62;3;1;98;1;1;2021;"Hombre";41;882724;"Area rural";"Cuenca";"Ricaurte";101620030010098;10162003001009801;1016200300100980101
"Azuay";1;62;3;3;14;1;1;2010;"Hombre";20;882724;"Area rural";"Cuenca";"Ricaurte";101620030030014;10162003003001401;1016200300300140101
"Azuay";1;62;3;3;50;1;1;2014;"Hombre";18;881604;"Area rural";"Cuenca";"Ricaurte";101620030030050;10162003003005001;1016200300300500101
"Azuay";1;62;3;4;20;1;1;2016;"Hombre";26;882276;"Area rural";"Cuenca";"Ricaurte";101620030040020;10162003004002001;1016200300400200101
"Azuay";1;62;3;5;43;1;1;2017;"Hombre";27;881604;"Area rural";"Cuenca";"Ricaurte";101620030050043;10162003005004301;1016200300500430101
"Azuay";1;62;3;5;81;1;1;2020;"Hombre";33;881032;"Area rural";"Cuenca";"Ricaurte";101620030050081;10162003005008101;1016200300500810101
"Azuay";1;62;4;1;101;1;1;2017;"Mujer";43;882724;"Area rural";"Cuenca";"Ricaurte";101620040010101;10162004001010101;1016200400101010101
"Azuay";1;62;4;2;68;1;1;9999;"Mujer";22;999999;"Area rural";"Cuenca";"Ricaurte";101620040020068;10162004002006801;1016200400200680101
"Azuay";1;62;4;3;21;1;1;2016;"Mujer";19;881124;"Area rural";"Cuenca";"Ricaurte";101620040030021;10162004003002101;1016200400300210101
"Azuay";1;62;4;3;21;1;2;2016;"Mujer";18;881124;"Area rural";"Cuenca";"Ricaurte";101620040030021;10162004003002101;1016200400300210102
"Azuay";1;62;4;3;21;1;3;2016;"Mujer";12;881124;"Area rural";"Cuenca";"Ricaurte";101620040030021;10162004003002101;1016200400300210103
"Azuay";1;62;4;3;77;1;1;2021;"Mujer";20;881032;"Area rural";"Cuenca";"Ricaurte";101620040030077;10162004003007701;1016200400300770101
"Azuay";1;62;4;5;230;1;1;2017;"Hombre";42;882724;"Area rural";"Cuenca";"Ricaurte";101620040050230;10162004005023001;1016200400502300101
"Azuay";1;62;4;7;75;1;1;2021;"Hombre";29;881862;"Area rural";"Cuenca";"Ricaurte";101620040070075;10162004007007501;1016200400700750101
"Azuay";1;62;4;7;75;1;2;2021;"Mujer";24;881862;"Area rural";"Cuenca";"Ricaurte";101620040070075;10162004007007501;1016200400700750102
"Azuay";1;62;5;1;192;1;1;2022;"Hombre";32;881124;"Area rural";"Cuenca";"Ricaurte";101620050010192;10162005001019201;1016200500101920101
"Azuay";1;62;5;2;118;1;1;2022;"Hombre";40;882902;"Area rural";"Cuenca";"Ricaurte";101620050020118;10162005002011801;1016200500201180101
"Azuay";1;62;999;2;50;1;1;2022;"Hombre";18;881484;"Area rural";"Cuenca";"Ricaurte";101629990020050;10162999002005001;1016299900200500101
"Azuay";1;62;999;4;63;1;1;2021;"Hombre";42;881604;"Area rural";"Cuenca";"Ricaurte";101629990040063;10162999004006301;1016299900400630101
"Azuay";1;62;999;8;30;1;1;2021;"Hombre";22;999999;"Area rural";"Cuenca";"Ricaurte";101629990080030;10162999008003001;1016299900800300101
"Azuay";1;62;999;8;30;1;2;9999;"Hombre";23;999999;"Area rural";"Cuenca";"Ricaurte";101629990080030;10162999008003001;1016299900800300102
"Azuay";1;62;999;9;38;1;1;2022;"Mujer";39;881558;"Area rural";"Cuenca";"Ricaurte";101629990090038;10162999009003801;1016299900900380101
"Azuay";1;62;999;10;121;1;1;2020;"Hombre";999;882724;"Area rural";"Cuenca";"Ricaurte";101629990100121;10162999010012101;1016299901001210101
"Azuay";1;62;999;12;13;1;1;2020;"Hombre";14;881170;"Area rural";"Cuenca";"Ricaurte";101629990120013;10162999012001301;1016299901200130101
"Azuay";1;62;999;12;13;1;2;2022;"Hombre";55;881170;"Area rural";"Cuenca";"Ricaurte";101629990120013;10162999012001301;1016299901200130102
"Azuay";1;62;999;12;13;1;3;2022;"Mujer";52;881170;"Area rural";"Cuenca";"Ricaurte";101629990120013;10162999012001301;1016299901200130103
"Azuay";1;62;999;14;44;1;1;2022;"Mujer";36;999999;"Area rural";"Cuenca";"Ricaurte";101629990140044;10162999014004401;1016299901400440101
"Azuay";1;62;999;14;44;1;2;2022;"Hombre";18;999999;"Area rural";"Cuenca";"Ricaurte";101629990140044;10162999014004401;1016299901400440102
"Azuay";1;62;999;14;44;1;3;2022;"Hombre";20;999999;"Area rural";"Cuenca";"Ricaurte";101629990140044;10162999014004401;1016299901400440103
"Azuay";1;62;999;14;88;1;1;2020;"Hombre";41;882724;"Area rural";"Cuenca";"Ricaurte";101629990140088;10162999014008801;1016299901400880101
"Azuay";1;62;999;17;74;1;1;2022;"Mujer";36;881862;"Area rural";"Cuenca";"Ricaurte";101629990170074;10162999017007401;1016299901700740101
"Azuay";1;62;999;19;22;1;1;2022;"Hombre";24;881484;"Area rural";"Cuenca";"Ricaurte";101629990190022;10162999019002201;1016299901900220101
"Azuay";1;62;999;19;70;1;1;2015;"Hombre";35;881484;"Area rural";"Cuenca";"Ricaurte";101629990190070;10162999019007001;1016299901900700101
"Azuay";1;62;999;23;45;1;1;2022;"Hombre";26;881170;"Area rural";"Cuenca";"Ricaurte";101629990230045;10162999023004501;1016299902300450101
"Azuay";1;62;999;26;32;1;1;2019;"Hombre";39;882724;"Area rural";"Cuenca";"Ricaurte";101629990260032;10162999026003201;1016299902600320101
"Azuay";1;62;999;26;48;1;1;2022;"Mujer";23;882276;"Area rural";"Cuenca";"Ricaurte";101629990260048;10162999026004801;1016299902600480101
"Azuay";1;62;999;27;47;1;1;2022;"Mujer";44;882724;"Area rural";"Cuenca";"Ricaurte";101629990270047;10162999027004701;1016299902700470101
"Azuay";1;62;999;27;78;1;1;2021;"Hombre";25;999999;"Area rural";"Cuenca";"Ricaurte";101629990270078;10162999027007801;1016299902700780101
"Azuay";1;62;999;28;31;1;1;2022;"Mujer";33;881484;"Area rural";"Cuenca";"Ricaurte";101629990280031;10162999028003101;1016299902800310101
"Azuay";1;62;999;32;88;1;1;9999;"Hombre";999;881152;"Area rural";"Cuenca";"Ricaurte";101629990320088;10162999032008801;1016299903200880101
"Azuay";1;62;999;36;61;1;1;2022;"Hombre";20;882724;"Area rural";"Cuenca";"Ricaurte";101629990360061;10162999036006101;1016299903600610101
"Azuay";1;62;999;36;63;1;1;2022;"Hombre";45;881591;"Area rural";"Cuenca";"Ricaurte";101629990360063;10162999036006301;1016299903600630101
"Azuay";1;62;999;41;50;1;1;2017;"Hombre";45;882902;"Area rural";"Cuenca";"Ricaurte";101629990410050;10162999041005001;1016299904100500101
"Azuay";1;62;999;43;29;1;1;2022;"Mujer";22;881558;"Area rural";"Cuenca";"Ricaurte";101629990430029;10162999043002901;1016299904300290101
"Azuay";1;62;999;44;47;1;1;2020;"Mujer";26;882056;"Area rural";"Cuenca";"Ricaurte";101629990440047;10162999044004701;1016299904400470101
"Azuay";1;62;999;45;9;1;1;2020;"Hombre";43;999999;"Area rural";"Cuenca";"Ricaurte";101629990450009;10162999045000901;1016299904500090101
"Azuay";1;62;999;45;9;1;2;2022;"Hombre";17;999999;"Area rural";"Cuenca";"Ricaurte";101629990450009;10162999045000901;1016299904500090102
"Azuay";1;62;999;45;43;1;1;2021;"Mujer";18;999999;"Area rural";"Cuenca";"Ricaurte";101629990450043;10162999045004301;1016299904500430101
"Azuay";1;62;999;45;44;1;1;2022;"Hombre";20;999999;"Area rural";"Cuenca";"Ricaurte";101629990450044;10162999045004401;1016299904500440101
"Azuay";1;62;999;49;52;1;1;2021;"Hombre";16;882724;"Area rural";"Cuenca";"Ricaurte";101629990490052;10162999049005201;1016299904900520101
"Azuay";1;62;999;49;52;1;2;2021;"Mujer";29;882724;"Area rural";"Cuenca";"Ricaurte";101629990490052;10162999049005201;1016299904900520102
"Azuay";1;62;999;49;52;1;3;2021;"Mujer";25;882724;"Area rural";"Cuenca";"Ricaurte";101629990490052;10162999049005201;1016299904900520103
"Azuay";1;62;999;49;52;1;4;2021;"Mujer";22;882724;"Area rural";"Cuenca";"Ricaurte";101629990490052;10162999049005201;1016299904900520104
"Azuay";1;62;999;50;12;1;1;2020;"Hombre";19;999999;"Area rural";"Cuenca";"Ricaurte";101629990500012;10162999050001201;1016299905000120101
"Azuay";1;62;999;51;86;1;1;2022;"Hombre";30;885036;"Area rural";"Cuenca";"Ricaurte";101629990510086;10162999051008601;1016299905100860101
"Azuay";1;62;999;52;26;1;1;2020;"Hombre";51;882380;"Area rural";"Cuenca";"Ricaurte";101629990520026;10162999052002601;1016299905200260101
